timestamp,original_full_path,new_full_path,sharepoint_item_id,status,reason
2026-06-30T14:51:57,\법무DB\2. 분쟁(소송.중재.파산.형사.보전처분)\[검토종결] 필리핀 교과서\4. 기타문서\법무실_필리핀 교과서_DBMPS향 letter_bank guarantee개설_061123.doc,\법무DB\2. 분쟁(소송.중재.파산.형사.보전처분)\[검토종결] 필리핀 교과서\4. 기타문서\법무실_필리핀 교과서_(대우)은행 보증서 발급 요청서_letter_061123.doc,017JC4QUMZ33CR67ZXIV72ATL3DUBOMA45,success,파일명 변경 완료 (SharePoint Batch)
2026-06-30T14:51:57,\법무DB\2. 분쟁(소송.중재.파산.형사.보전처분)\[검토종결] 필리핀 교과서\4. 기타문서\법무실_필리핀 교과서_Evaluation and Qualificationi Criteria(Bidding Documents).pdf,\법무DB\2. 분쟁(소송.중재.파산.형사.보전처분)\[검토종결] 필리핀 교과서\4. 기타문서\법무실_필리핀 교과서_평가 및 자격 기준_Evaluation and Qualification Criteria_160301.pdf,017JC4QUJ3E7PK2UITQ52Z6LJYJYLQ7OW6,success,파일명 변경 완료 (SharePoint Batch)
2026-06-30T14:51:57,\법무DB\2. 분쟁(소송.중재.파산.형사.보전처분)\[검토종결] 필리핀 교과서\4. 기타문서\법무실_필리핀 교과서_Section II and Section III of BDS.pdf,\법무DB\2. 분쟁(소송.중재.파산.형사.보전처분)\[검토종결] 필리핀 교과서\4. 기타문서\법무실_필리핀 교과서_(Procurement Service - DBM)교과서 입찰서_Invitation for Bids_160816.pdf,017JC4QUOFOHK2BAUM2Z7JHCFL3MJEYEED,success,파일명 변경 완료 (SharePoint Batch)
2026-06-30T14:51:57,\법무DB\2. 분쟁(소송.중재.파산.형사.보전처분)\[검토종결] 필리핀 교과서\4. 기타문서\법무실_필리핀 교과서_deped textbook policy 2004.pdf,\법무DB\2. 분쟁(소송.중재.파산.형사.보전처분)\[검토종결] 필리핀 교과서\4. 기타문서\법무실_필리핀 교과서_(필리핀 교육부)교과서 정책_TEXTBOOK POLICY_040728.pdf,017JC4QUNFVNLOT6RAZN3YZZAFAV4TDCHC,success,파일명 변경 완료 (SharePoint Batch)
2026-06-30T14:51:57,\법무DB\2. 분쟁(소송.중재.파산.형사.보전처분)\[검토종결] 필리핀 교과서\4. 기타문서\법무실_필리핀 교과서_변호사 메일_Manila TRO 및 TSN_061130.doc,\법무DB\2. 분쟁(소송.중재.파산.형사.보전처분)\[검토종결] 필리핀 교과서\4. 기타문서\법무실_필리핀 교과서_변호사 메일_Manila TRO 및 TSN_061130.doc,017JC4QUNZTGWCQBQLTB3ZKICULPMNKDPQ,success,파일명 변경 완료 (SharePoint Batch)
2026-06-30T14:51:57,\법무DB\2. 분쟁(소송.중재.파산.형사.보전처분)\[검토종결] 필리핀 교과서\4. 기타문서\법무실_필리핀 교과서_삼촌 멜.doc,\법무DB\2. 분쟁(소송.중재.파산.형사.보전처분)\[검토종결] 필리핀 교과서\4. 기타문서\법무실_필리핀 교과서_(Rualo Gonzalez Ong & Taala Law Office)삼촌 멜 법률 자문_041001.doc,017JC4QUL3YLGLVMWEJB22DZM44YMWZRND,success,파일명 변경 완료 (SharePoint Batch)
2026-06-30T14:51:57,\법무DB\2. 분쟁(소송.중재.파산.형사.보전처분)\[검토종결] 필리핀 교과서\4. 기타문서\법무실_필리핀 교과서_진행내역.doc,\법무DB\2. 분쟁(소송.중재.파산.형사.보전처분)\[검토종결] 필리핀 교과서\4. 기타문서\법무실_필리핀 교과서_진행내역_061107.doc,017JC4QUIGRUI4BKN4HV6JP3LSSR6ZGSD2,success,파일명 변경 완료 (SharePoint Batch)
2026-06-30T14:51:57,\법무DB\2. 분쟁(소송.중재.파산.형사.보전처분)\[검토종결] 필리핀 교과서\4. 기타문서\법무실_필리핀 교과서_출장정리_061122.doc,\법무DB\2. 분쟁(소송.중재.파산.형사.보전처분)\[검토종결] 필리핀 교과서\4. 기타문서\법무실_필리핀 교과서_출장업무정리_061122.doc,017JC4QUN5DTRPRSOI3N6IXJH26H7M46XC,success,파일명 변경 완료 (SharePoint Batch)
2026-06-30T14:51:57,\법무DB\2. 분쟁(소송.중재.파산.형사.보전처분)\[검토종결] 필리핀 교과서\4. 기타문서\법무실_필리핀 교과서_필리핀 교과서 소송 건 정리.doc,\법무DB\2. 분쟁(소송.중재.파산.형사.보전처분)\[검토종결] 필리핀 교과서\4. 기타문서\법무실_필리핀 교과서_필리핀 교과서 입찰 소송 정리_060922.doc,017JC4QUI4MOP3FL4HLN6IXTQ7XCKWGE3A,success,파일명 변경 완료 (SharePoint Batch)
2026-06-30T14:51:57,\법무DB\2. 분쟁(소송.중재.파산.형사.보전처분)\[검토종결] 필리핀 교과서\4. 기타문서\법무실_필리핀 교과서_필리핀 교과서 정리_061109.doc,\법무DB\2. 분쟁(소송.중재.파산.형사.보전처분)\[검토종결] 필리핀 교과서\4. 기타문서\법무실_필리핀 교과서_(Daewoo)필리핀 교과서 입찰 소송 기록_061109.doc,017JC4QUNEUG7O6HYTJB2ZDJT725GGIABC,success,파일명 변경 완료 (SharePoint Batch)
2026-06-30T14:51:57,\법무DB\2. 분쟁(소송.중재.파산.형사.보전처분)\[검토종결] 필리핀 교과서\4. 기타문서\Contract\법무실_필리핀 교과서_Local delivery contract.pdf,\법무DB\2. 분쟁(소송.중재.파산.형사.보전처분)\[검토종결] 필리핀 교과서\4. 기타문서\Contract\법무실_필리핀 교과서_현지 운송 계약서_Local Delivery Contract_061018.pdf,017JC4QUMVRPCHSIIBBZ3ZBOWG2BJCWSSP,success,파일명 변경 완료 (SharePoint Batch)
2026-06-30T14:51:57,\법무DB\2. 분쟁(소송.중재.파산.형사.보전처분)\[검토종결] 필리핀 교과서\4. 기타문서\Contract\법무실_필리핀 교과서_Purchaser-Supplyier contract for textbooks.pdf,\법무DB\2. 분쟁(소송.중재.파산.형사.보전처분)\[검토종결] 필리핀 교과서\4. 기타문서\Contract\법무실_필리핀 교과서_교과서 공급 계약서_Purchaser-Supplier Contract_060912.pdf,017JC4QUIIWJERUBSKSR227XOMG2BDD2A2,success,파일명 변경 완료 (SharePoint Batch)
2026-06-30T14:51:57,\법무DB\2. 분쟁(소송.중재.파산.형사.보전처분)\[검토종결] 필리핀 교과서\4. 기타문서\Contract\1차 Contract 수정안(DBMPS-DWIC)\법무실_필리핀 교과서_Supplemnetal Puchaser-Supplier Contract for Textbooks_061129.pdf,\법무DB\2. 분쟁(소송.중재.파산.형사.보전처분)\[검토종결] 필리핀 교과서\4. 기타문서\Contract\1차 Contract 수정안(DBMPS-DWIC)\법무실_필리핀 교과서_교과서 공급 보충 계약서_Supplemnetal Purchaser-Supplier Contract_061129.pdf,017JC4QUPMN23JTMXPGR72EBVCQQPXBEMD,success,파일명 변경 완료 (SharePoint Batch)
2026-06-30T14:51:57,\법무DB\2. 분쟁(소송.중재.파산.형사.보전처분)\[검토종결] 필리핀 교과서\4. 기타문서\Contract\1차 Contract 수정안(DBMPS-DWIC)\법무실_필리핀 교과서_supply contract delivery 변경 계약_061130.doc,\법무DB\2. 분쟁(소송.중재.파산.형사.보전처분)\[검토종결] 필리핀 교과서\4. 기타문서\Contract\1차 Contract 수정안(DBMPS-DWIC)\법무실_필리핀 교과서_검토의견서_061130.doc,017JC4QUPMR4LZGWOYKZ62KVED4ETIJG76,success,파일명 변경 완료 (SharePoint Batch)
2026-06-30T14:51:57,\법무DB\2. 분쟁(소송.중재.파산.형사.보전처분)\[검토종결] 필리핀 교과서\4. 기타문서\Contract\2차 Contract\법무실_필리핀 교과서_Confirmation letter 및 수정합의서 검토의견_061228.pdf,\법무DB\2. 분쟁(소송.중재.파산.형사.보전처분)\[검토종결] 필리핀 교과서\4. 기타문서\Contract\2차 Contract\법무실_필리핀 교과서_검토의견서_Confirmation letter 및 수정합의서 검토의견_061228_수정.pdf,017JC4QUPXHOAEERDY35Y27A5AVTGTGN2D,success,파일명 변경 완료 (SharePoint Batch)
2026-06-30T14:51:57,\법무DB\2. 분쟁(소송.중재.파산.형사.보전처분)\[검토종결] 필리핀 교과서\4. 기타문서\Contract\2차 Contract\법무실_필리핀 교과서_DBMPS confirmation letter.doc,\법무DB\2. 분쟁(소송.중재.파산.형사.보전처분)\[검토종결] 필리핀 교과서\4. 기타문서\Contract\2차 Contract\법무실_필리핀 교과서_대금지급확인서_DBMPS confirmation letter_061228.doc,017JC4QUOZC42GDEV6FZ32FXOADOW224JA,success,파일명 변경 완료 (SharePoint Batch)
2026-06-30T14:51:57,\법무DB\2. 분쟁(소송.중재.파산.형사.보전처분)\[검토종결] 필리핀 교과서\4. 기타문서\Contract\2차 Contract\법무실_필리핀 교과서_supplementary contract.pdf,\법무DB\2. 분쟁(소송.중재.파산.형사.보전처분)\[검토종결] 필리핀 교과서\4. 기타문서\Contract\2차 Contract\법무실_필리핀 교과서_보충 계약서_SUPPLEMENTAL PURCHASER-SUPPLIER CONTRACT_061127.pdf,017JC4QUNRIOUYLS6A5JYJE4X4QQDKL5OM,success,파일명 변경 완료 (SharePoint Batch)
2026-06-30T14:51:57,\법무DB\2. 분쟁(소송.중재.파산.형사.보전처분)\[검토종결] 필리핀 교과서\4. 기타문서\Contract\2차 Contract\법무실_필리핀 교과서_검토의견_061228.doc,\법무DB\2. 분쟁(소송.중재.파산.형사.보전처분)\[검토종결] 필리핀 교과서\4. 기타문서\Contract\2차 Contract\법무실_필리핀 교과서_검토의견서_061228.doc,017JC4QUP5277PLAQL25YITOQT5JMFNPZG,success,파일명 변경 완료 (SharePoint Batch)
2026-06-30T14:51:57,\법무DB\2. 분쟁(소송.중재.파산.형사.보전처분)\[검토종결] 필리핀 교과서\4. 기타문서\Contract\3차 Contract(06.12.29)\법무실_필리핀 교과서_confirmation letter-DBMPS_061228.pdf,\법무DB\2. 분쟁(소송.중재.파산.형사.보전처분)\[검토종결] 필리핀 교과서\4. 기타문서\Contract\3차 Contract(06.12.29)\법무실_필리핀 교과서_계약 확인서_confirmation letter-DBMPS_061228.pdf,017JC4QUL67ZTIUC6V2RZZDQWETQAWXWJX,success,파일명 변경 완료 (SharePoint Batch)
2026-06-30T14:51:57,\법무DB\2. 분쟁(소송.중재.파산.형사.보전처분)\[검토종결] 필리핀 교과서\4. 기타문서\Contract\3차 Contract(06.12.29)\법무실_필리핀 교과서_supplemetary contract_confirmation letter.pdf,\법무DB\2. 분쟁(소송.중재.파산.형사.보전처분)\[검토종결] 필리핀 교과서\4. 기타문서\Contract\3차 Contract(06.12.29)\법무실_필리핀 교과서_계약 이행 확인서_confirmation letter_061228.pdf,017JC4QUNDJ6WJROXULN4INWXQOQQN4BCG,success,파일명 변경 완료 (SharePoint Batch)
2026-06-30T14:51:59,\법무DB\2. 분쟁(소송.중재.파산.형사.보전처분)\[검토종결] 필리핀 교과서\4. 기타문서\Local Delivery(stand by LC)\법무실_필리핀 교과서_Guarantee letter(Speedex)_061107.doc,\법무DB\2. 분쟁(소송.중재.파산.형사.보전처분)\[검토종결] 필리핀 교과서\4. 기타문서\Local Delivery(stand by LC)\법무실_필리핀 교과서_(Speedex International)연대보증서_Guarantee letter_061107.doc,017JC4QUP7O7BOT2SIENZZN76FDDOUH77E,success,파일명 변경 완료 (SharePoint Batch)
2026-06-30T14:51:59,\법무DB\2. 분쟁(소송.중재.파산.형사.보전처분)\[검토종결] 필리핀 교과서\4. 기타문서\Local Delivery(stand by LC)\법무실_필리핀 교과서_Local delivery contract.pdf,\법무DB\2. 분쟁(소송.중재.파산.형사.보전처분)\[검토종결] 필리핀 교과서\4. 기타문서\Local Delivery(stand by LC)\법무실_필리핀 교과서_현지 배송 계약서_Local Delivery Contract_061018.pdf,017JC4QUJAGLFNZNXR3B3ZYR4NEQQ3ZAXP,success,파일명 변경 완료 (SharePoint Batch)
2026-06-30T14:51:59,\법무DB\2. 분쟁(소송.중재.파산.형사.보전처분)\[검토종결] 필리핀 교과서\4. 기타문서\Local Delivery(stand by LC)\법무실_필리핀 교과서_P Bond frm Mr Norman.pdf,\법무DB\2. 분쟁(소송.중재.파산.형사.보전처분)\[검토종결] 필리핀 교과서\4. 기타문서\Local Delivery(stand by LC)\법무실_필리핀 교과서_(Security Bank)신용장_Irrevocable Domestic Standby Letter of C_061031.pdf,017JC4QUPJASSYDYVQFN4KZQP4RSMJ3WWD,success,파일명 변경 완료 (SharePoint Batch)
2026-06-30T14:51:59,\법무DB\2. 분쟁(소송.중재.파산.형사.보전처분)\[검토종결] 필리핀 교과서\4. 기타문서\Manila Court\법무실_필리핀 교과서_(법무실)Oral Arguments 대비 자료_070227.doc,\법무DB\2. 분쟁(소송.중재.파산.형사.보전처분)\[검토종결] 필리핀 교과서\4. 기타문서\Manila Court\법무실_필리핀 교과서_(Manila Court)구술변론 대비 자료_070227.doc,017JC4QUMVZQWKECBOJ57KZ62XHIJ3G3R6,success,파일명 변경 완료 (SharePoint Batch)
2026-06-30T14:51:59,\법무DB\2. 분쟁(소송.중재.파산.형사.보전처분)\[검토종결] 필리핀 교과서\4. 기타문서\Manila Court\법무실_필리핀 교과서_Governing Law.pdf,\법무DB\2. 분쟁(소송.중재.파산.형사.보전처분)\[검토종결] 필리핀 교과서\4. 기타문서\Manila Court\법무실_필리핀 교과서_준거법 검토_Governing Law_100201.pdf,017JC4QUPABEDOHOYWDN333SGHIYV75JY7,success,파일명 변경 완료 (SharePoint Batch)
2026-06-30T14:51:59,\법무DB\2. 분쟁(소송.중재.파산.형사.보전처분)\[검토종결] 필리핀 교과서\4. 기타문서\Manila Court\법무실_필리핀 교과서_Letter_clarification order_061206.doc,\법무DB\2. 분쟁(소송.중재.파산.형사.보전처분)\[검토종결] 필리핀 교과서\4. 기타문서\Manila Court\법무실_필리핀 교과서_교과서 통관 지연 관련 통지서_Letter clarification order_061206.doc,017JC4QUK44S5VCO3AYN3L6LGE6ZAH2D6I,success,파일명 변경 완료 (SharePoint Batch)
2026-06-30T14:51:59,\법무DB\2. 분쟁(소송.중재.파산.형사.보전처분)\[검토종결] 필리핀 교과서\4. 기타문서\Manila Court\법무실_필리핀 교과서_Manila Court Case strategy_061208.doc,\법무DB\2. 분쟁(소송.중재.파산.형사.보전처분)\[검토종결] 필리핀 교과서\4. 기타문서\Manila Court\법무실_필리핀 교과서_(Manila Court)법원 판결 관련 법률 전략 검토_Manila Court Case strategy_061208.doc,017JC4QUJ64DW2YHPKBR3LXUS5LIE33GT6,success,파일명 변경 완료 (SharePoint Batch)
2026-06-30T14:51:59,\법무DB\2. 분쟁(소송.중재.파산.형사.보전처분)\[검토종결] 필리핀 교과서\4. 기타문서\Manila Court\법무실_필리핀 교과서_Manila Court Questions_061211.doc,\법무DB\2. 분쟁(소송.중재.파산.형사.보전처분)\[검토종결] 필리핀 교과서\4. 기타문서\Manila Court\법무실_필리핀 교과서_(Manila Court)법원 질의서_Manila Court Questions_061211.doc,017JC4QUNO4CB6W76TOF7JV3NKLO6QFZNN,success,파일명 변경 완료 (SharePoint Batch)
2026-06-30T14:51:59,\법무DB\2. 분쟁(소송.중재.파산.형사.보전처분)\[검토종결] 필리핀 교과서\4. 기타문서\Manila Court\Petition for Intervention(06.12.20)\법무실_필리핀 교과서_Certification of Authentication_070130.pdf,"\법무DB\2. 분쟁(소송.중재.파산.형사.보전처분)\[검토종결] 필리핀 교과서\4. 기타문서\Manila Court\Petition for Intervention(06.12.20)\법무실_필리핀 교과서_(필리핀 대사관, 법무법인 우일)인증서_CERTIFICATE OF AUTHENTICATION_070130.pdf",017JC4QUKJ3RRV6BDLXVYIVSH7BOK3LHZD,success,파일명 변경 완료 (SharePoint Batch)
2026-06-30T14:51:59,\법무DB\2. 분쟁(소송.중재.파산.형사.보전처분)\[검토종결] 필리핀 교과서\4. 기타문서\Manila Court\Petition for Intervention(06.12.20)\법무실_필리핀 교과서_RETAINER AGREEMENT-Supreme Court Case_070214.doc,\법무DB\2. 분쟁(소송.중재.파산.형사.보전처분)\[검토종결] 필리핀 교과서\4. 기타문서\Manila Court\Petition for Intervention(06.12.20)\법무실_필리핀 교과서_(Dimayuga Law Offices)법률 자문 계약서_RETAINER AGREEMENT_070214.doc,017JC4QUPMXFXRA26RBJZZQNSQJ7PL4FJW,success,파일명 변경 완료 (SharePoint Batch)
2026-06-30T14:51:59,\법무DB\2. 분쟁(소송.중재.파산.형사.보전처분)\[검토종결] 필리핀 교과서\4. 기타문서\Manila Court\Petition for Intervention(06.12.20)\법무실_필리핀 교과서_RETAINER AGREEMENT-Supreme Court Case_070220.doc,\법무DB\2. 분쟁(소송.중재.파산.형사.보전처분)\[검토종결] 필리핀 교과서\4. 기타문서\Manila Court\Petition for Intervention(06.12.20)\법무실_필리핀 교과서_(DIMAYUGA LAW OFFICES)법률 자문 계약서_RETAINER AGREEMENT_070220.doc,017JC4QUMXX5YXFWZEWNZJPGVSCFWTDE45,success,파일명 변경 완료 (SharePoint Batch)
2026-06-30T14:51:59,\법무DB\2. 분쟁(소송.중재.파산.형사.보전처분)\[검토종결] 필리핀 교과서\4. 기타문서\Manila Court\Petition for Intervention(06.12.20)\법무실_필리핀 교과서_Updates on Petition for Review.doc,\법무DB\2. 분쟁(소송.중재.파산.형사.보전처분)\[검토종결] 필리핀 교과서\4. 기타문서\Manila Court\Petition for Intervention(06.12.20)\법무실_필리핀 교과서_검토의견서_Updates on Petition for Review_061229.doc,017JC4QUN2EP3FKPOMIN4LQY3LOLRP6J53,success,파일명 변경 완료 (SharePoint Batch)
2026-06-30T14:51:59,\법무DB\2. 분쟁(소송.중재.파산.형사.보전처분)\[검토종결] 필리핀 교과서\4. 기타문서\Manila Court\Petition for Intervention(06.12.20)\법무실_필리핀 교과서_certificate (final).doc,\법무DB\2. 분쟁(소송.중재.파산.형사.보전처분)\[검토종결] 필리핀 교과서\4. 기타문서\Manila Court\Petition for Intervention(06.12.20)\법무실_필리핀 교과서_(대우인터내셔널)위임장_REPRESENTATIVE DIRECTOR (CEO)’S CERTIFIC_060130_final.doc,017JC4QUOU52J7N7XAJ5YK4IVCUTKFFOHN,success,파일명 변경 완료 (SharePoint Batch)
2026-06-30T14:51:59,\법무DB\2. 분쟁(소송.중재.파산.형사.보전처분)\[검토종결] 필리핀 교과서\4. 기타문서\Manila Court\Petition for Intervention(06.12.20)\법무실_필리핀 교과서_s certificate_012507.doc,\법무DB\2. 분쟁(소송.중재.파산.형사.보전처분)\[검토종결] 필리핀 교과서\4. 기타문서\Manila Court\Petition for Intervention(06.12.20)\법무실_필리핀 교과서_법인 서기 증명서_SECRETARY’S CERTIFICATE_070112.doc,017JC4QUJC3CRVPNG23NYJH7XNMH5IC5TH,success,파일명 변경 완료 (SharePoint Batch)
2026-06-30T14:51:59,\법무DB\2. 분쟁(소송.중재.파산.형사.보전처분)\[검토종결] 필리핀 교과서\4. 기타문서\Manila Court\Petition for Intervention(06.12.20)\법무실_필리핀 교과서_secretary's certificate(Daewoo revision).doc,\법무DB\2. 분쟁(소송.중재.파산.형사.보전처분)\[검토종결] 필리핀 교과서\4. 기타문서\Manila Court\Petition for Intervention(06.12.20)\법무실_필리핀 교과서_(Manila Court)대표이사 증명서_SECRETARY(CEO)’S CERTIFICATE_070101_revision.doc,017JC4QUMAQUKL3PUEKB2IRPSDX7TULKF4,success,파일명 변경 완료 (SharePoint Batch)
2026-06-30T14:51:59,\법무DB\2. 분쟁(소송.중재.파산.형사.보전처분)\[검토종결] 필리핀 교과서\4. 기타문서\Manila Court\Supreme Court Retainer\법무실_필리핀 교과서_RETAINER AGREEMENT_(Daewoo revision)_070228.doc,\법무DB\2. 분쟁(소송.중재.파산.형사.보전처분)\[검토종결] 필리핀 교과서\4. 기타문서\Manila Court\Supreme Court Retainer\법무실_필리핀 교과서_(DIMAYUGA LAW OFFICES)법률 자문 계약서_RETAINER AGREEMENT_070228_revision.doc,017JC4QUIS3C4YPD6VN54JMXZYPUJP3RI3,success,파일명 변경 완료 (SharePoint Batch)
2026-06-30T14:51:59,\법무DB\2. 분쟁(소송.중재.파산.형사.보전처분)\[검토종결] 필리핀 교과서\4. 기타문서\Manila Court\Supreme Court Retainer\법무실_필리핀 교과서_RETAINER AGREEMENT_070220_(2nd revised).doc,\법무DB\2. 분쟁(소송.중재.파산.형사.보전처분)\[검토종결] 필리핀 교과서\4. 기타문서\Manila Court\Supreme Court Retainer\법무실_필리핀 교과서_(Dimayuga Law Offices)법률 자문 계약서_RETAINER AGREEMENT_070131.doc,017JC4QUP45DFIL54GAR3J5TJFFRIFOBJB,success,파일명 변경 완료 (SharePoint Batch)
2026-06-30T14:51:59,\법무DB\2. 분쟁(소송.중재.파산.형사.보전처분)\[검토종결] 필리핀 교과서\4. 기타문서\Manila Court\Supreme Court Retainer\법무실_필리핀 교과서_RETAINER K_Daewoo Revision_070214.doc,\법무DB\2. 분쟁(소송.중재.파산.형사.보전처분)\[검토종결] 필리핀 교과서\4. 기타문서\Manila Court\Supreme Court Retainer\법무실_필리핀 교과서_(DIMAYUGA LAW OFFICES)법률 자문 계약서_RETAINER K_070214_Revision.doc,017JC4QUPM5ZW5YF4QGV5KUEFPPKZ7XJLO,success,파일명 변경 완료 (SharePoint Batch)
2026-06-30T14:51:59,\법무DB\2. 분쟁(소송.중재.파산.형사.보전처분)\[검토종결] 필리핀 교과서\4. 기타문서\Manila Court\Supreme Court Retainer\법무실_필리핀 교과서_Retainer (Supreme Court).pdf,\법무DB\2. 분쟁(소송.중재.파산.형사.보전처분)\[검토종결] 필리핀 교과서\4. 기타문서\Manila Court\Supreme Court Retainer\법무실_필리핀 교과서_(Dimayuga Law Offices)법률 자문 계약서_Retainer_070131.pdf,017JC4QUN7TZPGNNMXAN6IPTMQKTRVJF66,success,파일명 변경 완료 (SharePoint Batch)
2026-06-30T14:51:59,\법무DB\2. 분쟁(소송.중재.파산.형사.보전처분)\[검토종결] 필리핀 교과서\4. 기타문서\Payment 관련 서류(1차 서류 discrepancy)\법무실_필리핀 교과서_1. Bank Guarantee for 25% Advanced Payment.pdf,\법무DB\2. 분쟁(소송.중재.파산.형사.보전처분)\[검토종결] 필리핀 교과서\4. 기타문서\Payment 관련 서류(1차 서류 discrepancy)\법무실_필리핀 교과서_(Standard Chartered First Bank Korea Limited)은행 보증서_Bank Guarantee for 25% Advanced Payment_061103.pdf,017JC4QUMCH2FV4LO7YB22QHIBRBH7JDQ5,success,파일명 변경 완료 (SharePoint Batch)
2026-06-30T14:51:59,\법무DB\2. 분쟁(소송.중재.파산.형사.보전처분)\[검토종결] 필리핀 교과서\4. 기타문서\Payment 관련 서류(1차 서류 discrepancy)\법무실_필리핀 교과서_2. LC copy of textbooks.pdf,\법무DB\2. 분쟁(소송.중재.파산.형사.보전처분)\[검토종결] 필리핀 교과서\4. 기타문서\Payment 관련 서류(1차 서류 discrepancy)\법무실_필리핀 교과서_(American Express Bank Ltd)L C 도착 통지서_L C ARRIVAL NOTICE_061024.pdf,017JC4QUKAUXXU3ADP25ZLL4JCFNT2ESBX,success,파일명 변경 완료 (SharePoint Batch)
2026-06-30T14:51:59,\법무DB\2. 분쟁(소송.중재.파산.형사.보전처분)\[검토종결] 필리핀 교과서\4. 기타문서\Payment 관련 서류(1차 서류 discrepancy)\법무실_필리핀 교과서_3. Amex Bank Swift Message_061107.pdf,\법무DB\2. 분쟁(소송.중재.파산.형사.보전처분)\[검토종결] 필리핀 교과서\4. 기타문서\Payment 관련 서류(1차 서류 discrepancy)\법무실_필리핀 교과서_(Amex Bank)Swift Message_Amex Bank Swift Message_061107.pdf,017JC4QUJOCJBOXA4SXF4ZNPLGHDO2IFQ5,success,파일명 변경 완료 (SharePoint Batch)
2026-06-30T14:51:59,\법무DB\2. 분쟁(소송.중재.파산.형사.보전처분)\[검토종결] 필리핀 교과서\4. 기타문서\Payment 관련 서류(1차 서류 discrepancy)\법무실_필리핀 교과서_Authenticated Certificate(DW-HFC06116.A).pdf,"\법무DB\2. 분쟁(소송.중재.파산.형사.보전처분)\[검토종결] 필리핀 교과서\4. 기타문서\Payment 관련 서류(1차 서류 discrepancy)\법무실_필리핀 교과서_(필리핀 대사관, Daewoo International Corporation)사실확인서_CERTIFICATE OF AUTHENTICATION_061116.pdf",017JC4QUO4RCSSRQQ3DR3IUVPYWJ3DQC3M,success,파일명 변경 완료 (SharePoint Batch)
2026-06-30T14:51:59,\법무DB\2. 분쟁(소송.중재.파산.형사.보전처분)\[검토종결] 필리핀 교과서\4. 기타문서\Payment 관련 서류(1차 서류 discrepancy)\법무실_필리핀 교과서_Purchaser-Supplyier contract for textbooks.pdf,\법무DB\2. 분쟁(소송.중재.파산.형사.보전처분)\[검토종결] 필리핀 교과서\4. 기타문서\Payment 관련 서류(1차 서류 discrepancy)\법무실_필리핀 교과서_교과서 공급 계약서_PURCHASER-SUPPLIER CONTRACT_060912.pdf,017JC4QUKFGKFFDGHRCV4LSK6T6EQSUPNZ,success,파일명 변경 완료 (SharePoint Batch)
2026-06-30T14:51:59,\법무DB\2. 분쟁(소송.중재.파산.형사.보전처분)\[검토종결] 필리핀 교과서\4. 기타문서\Quezon Court\가처분소송\Cross Examination (06.12.8)\법무실_필리핀 교과서_Re-cross examination questions(comments)_061206.doc,\법무DB\2. 분쟁(소송.중재.파산.형사.보전처분)\[검토종결] 필리핀 교과서\4. 기타문서\Quezon Court\가처분소송\Cross Examination (06.12.8)\법무실_필리핀 교과서_재교차 질문서_Re-cross examination questions(comments)_061206.doc,017JC4QUL4BP74Y53HH54Y6XK7VKYHKRNQ,success,파일명 변경 완료 (SharePoint Batch)
2026-06-30T14:51:59,\법무DB\2. 분쟁(소송.중재.파산.형사.보전처분)\[검토종결] 필리핀 교과서\4. 기타문서\Quezon Court\가처분소송\Cross Examination (06.12.8)\법무실_필리핀 교과서_Re-cross examination questions(변호사)_061205.doc,\법무DB\2. 분쟁(소송.중재.파산.형사.보전처분)\[검토종결] 필리핀 교과서\4. 기타문서\Quezon Court\가처분소송\Cross Examination (06.12.8)\법무실_필리핀 교과서_재교차 질문서_Re-cross examination questions_061205.doc,017JC4QUO3JMR6TFIDHB2J6TSBZWLWMCNN,success,파일명 변경 완료 (SharePoint Batch)
2026-06-30T14:51:59,\법무DB\2. 분쟁(소송.중재.파산.형사.보전처분)\[검토종결] 필리핀 교과서\4. 기타문서\Quezon Court\가처분소송\Cross Examination (06.12.8)\법무실_필리핀 교과서_Section II and Section III of BDS.pdf,\법무DB\2. 분쟁(소송.중재.파산.형사.보전처분)\[검토종결] 필리핀 교과서\4. 기타문서\Quezon Court\가처분소송\Cross Examination (06.12.8)\법무실_필리핀 교과서_(Dimayuga Law Offices)교차 질의서_Cross Examination documents_061204.pdf,017JC4QUINMKDWQ6KCIN23IAPSGWH2BAUO,success,파일명 변경 완료 (SharePoint Batch)
2026-06-30T14:51:59,\법무DB\2. 분쟁(소송.중재.파산.형사.보전처분)\[검토종결] 필리핀 교과서\4. 기타문서\Quezon Court\가처분소송\Cross Examination (06.12.8)\법무실_필리핀 교과서_cross examination preparation_주O준비_061204.doc,\법무DB\2. 분쟁(소송.중재.파산.형사.보전처분)\[검토종결] 필리핀 교과서\4. 기타문서\Quezon Court\가처분소송\Cross Examination (06.12.8)\법무실_필리핀 교과서_교과서 입찰 재량권 검토의견서_Cross Examination_061204.doc,017JC4QUN5ZPCGSACZNZ4LINCQM4WQRGFX,success,파일명 변경 완료 (SharePoint Batch)
2026-06-30T14:51:59,\법무DB\2. 분쟁(소송.중재.파산.형사.보전처분)\[검토종결] 필리핀 교과서\4. 기타문서\Quezon Court\가처분소송\Cross Examination (06.12.8)\법무실_필리핀 교과서_cross examination 질의 사항_나차장님_061130.doc,\법무DB\2. 분쟁(소송.중재.파산.형사.보전처분)\[검토종결] 필리핀 교과서\4. 기타문서\Quezon Court\가처분소송\Cross Examination (06.12.8)\법무실_필리핀 교과서_Cross Examination 질의 사항_Cross Examination_061130.doc,017JC4QUJTTNCAFLQQGB4YPZNICT6OR2AQ,success,파일명 변경 완료 (SharePoint Batch)
2026-06-30T14:51:59,\법무DB\2. 분쟁(소송.중재.파산.형사.보전처분)\[검토종결] 필리핀 교과서\4. 기타문서\Quezon Court\가처분소송\Cross Examination (06.12.8)\법무실_필리핀 교과서_변호사 e-mail-cross 결과보고_061208.doc,\법무DB\2. 분쟁(소송.중재.파산.형사.보전처분)\[검토종결] 필리핀 교과서\4. 기타문서\Quezon Court\가처분소송\Cross Examination (06.12.8)\법무실_필리핀 교과서_변호사 이메일 (Cross 결과보고)_061208.doc,017JC4QUMM2AUDITEFWF3ZDGCOF4ZJPCWN,success,파일명 변경 완료 (SharePoint Batch)
2026-06-30T14:51:59,\법무DB\2. 분쟁(소송.중재.파산.형사.보전처분)\[검토종결] 필리핀 교과서\4. 기타문서\Quezon Court\가처분소송\Cross Examination (06.12.8)\법무실_필리핀 교과서_변호사 e-mail_061205.doc,\법무DB\2. 분쟁(소송.중재.파산.형사.보전처분)\[검토종결] 필리핀 교과서\4. 기타문서\Quezon Court\가처분소송\Cross Examination (06.12.8)\법무실_필리핀 교과서_변호사 이메일_Cross Examination_061205.doc,017JC4QUO3AXUJ7S3UWR3J7M3IXZSESJEO,success,파일명 변경 완료 (SharePoint Batch)
2026-06-30T14:51:59,\법무DB\2. 분쟁(소송.중재.파산.형사.보전처분)\[검토종결] 필리핀 교과서\4. 기타문서\Quezon Court\가처분소송\Cross Examination (06.12.8)\법무실_필리핀 교과서_변호사 e-mail_cross 회신 및 변호사 비용 내역_061207.doc,\법무DB\2. 분쟁(소송.중재.파산.형사.보전처분)\[검토종결] 필리핀 교과서\4. 기타문서\Quezon Court\가처분소송\Cross Examination (06.12.8)\법무실_필리핀 교과서_변호사 비용 내역 및 교차신문 관련 이메일_061207.doc,017JC4QUO6V2646A52AFZJ2D7KQ4UJNMBR,success,파일명 변경 완료 (SharePoint Batch)
2026-06-30T14:51:59,\법무DB\2. 분쟁(소송.중재.파산.형사.보전처분)\[검토종결] 필리핀 교과서\4. 기타문서\Quezon Court\가처분소송\Cross Examination(06.11.27)\법무실_필리핀 교과서_Cross-examination Questions_061123_(2차수정).doc,\법무DB\2. 분쟁(소송.중재.파산.형사.보전처분)\[검토종결] 필리핀 교과서\4. 기타문서\Quezon Court\가처분소송\Cross Examination(06.11.27)\법무실_필리핀 교과서_증인신문질문서_Cross-examination Questions_061123_수정.doc,017JC4QULVJX5XWU2SRZ5L7MBA27WAV6SC,success,파일명 변경 완료 (SharePoint Batch)
2026-06-30T14:51:59,\법무DB\2. 분쟁(소송.중재.파산.형사.보전처분)\[검토종결] 필리핀 교과서\4. 기타문서\Quezon Court\가처분소송\Cross Examination(06.11.27)\법무실_필리핀 교과서_Cross-examination Questions_061127_(final version).doc,\법무DB\2. 분쟁(소송.중재.파산.형사.보전처분)\[검토종결] 필리핀 교과서\4. 기타문서\Quezon Court\가처분소송\Cross Examination(06.11.27)\법무실_필리핀 교과서_증인신문질의서_Cross-examination Questions_061127_final.doc,017JC4QUNGEPIBPSYNCJYLSI5CMOBXH3CK,success,파일명 변경 완료 (SharePoint Batch)
2026-06-30T14:51:59,\법무DB\2. 분쟁(소송.중재.파산.형사.보전처분)\[검토종결] 필리핀 교과서\4. 기타문서\Quezon Court\가처분소송\Cross Examination(06.11.27)\법무실_필리핀 교과서_Cross-examinationQuestions_061119.doc,\법무DB\2. 분쟁(소송.중재.파산.형사.보전처분)\[검토종결] 필리핀 교과서\4. 기타문서\Quezon Court\가처분소송\Cross Examination(06.11.27)\법무실_필리핀 교과서_증인신문질문서_Cross-examination questions_061119.doc,017JC4QUKGOED4GB2OA52L5SCFFQKVYW2K,success,파일명 변경 완료 (SharePoint Batch)
2026-06-30T14:51:59,\법무DB\2. 분쟁(소송.중재.파산.형사.보전처분)\[검토종결] 필리핀 교과서\4. 기타문서\Quezon Court\가처분소송\Cross Examination(06.11.27)\법무실_필리핀 교과서_Report on Hearing of November 27.doc,\법무DB\2. 분쟁(소송.중재.파산.형사.보전처분)\[검토종결] 필리핀 교과서\4. 기타문서\Quezon Court\가처분소송\Cross Examination(06.11.27)\법무실_필리핀 교과서_법정 심리 보고서_Report on Hearing_061127.doc,017JC4QUI3DPU4H7DUXB6LFBTZRW2LU67F,success,파일명 변경 완료 (SharePoint Batch)
2026-06-30T14:51:59,\법무DB\2. 분쟁(소송.중재.파산.형사.보전처분)\[검토종결] 필리핀 교과서\4. 기타문서\Quezon Court\가처분소송\Cross Examination(06.11.27)\법무실_필리핀 교과서_변호사 추가 e-mail_061129.doc,\법무DB\2. 분쟁(소송.중재.파산.형사.보전처분)\[검토종결] 필리핀 교과서\4. 기타문서\Quezon Court\가처분소송\Cross Examination(06.11.27)\법무실_필리핀 교과서_변호사 이메일_061129.doc,017JC4QUIO7PIEAKKNXF62OR22OWOW4EGH,success,파일명 변경 완료 (SharePoint Batch)
2026-06-30T14:51:59,\법무DB\2. 분쟁(소송.중재.파산.형사.보전처분)\[검토종결] 필리핀 교과서\4. 기타문서\letter\법무실_필리핀 교과서_IABAC의 Confirmation Letter_061227.pdf,\법무DB\2. 분쟁(소송.중재.파산.형사.보전처분)\[검토종결] 필리핀 교과서\4. 기타문서\letter\법무실_필리핀 교과서_(IABAC)지급 확인서_Confirmation Letter_061227.pdf,017JC4QUK6XJZWDKNW5Z5ZG4FVRKLDPJSH,success,파일명 변경 완료 (SharePoint Batch)
2026-06-30T14:51:59,\법무DB\2. 분쟁(소송.중재.파산.형사.보전처분)\[검토종결] 필리핀 교과서\4. 기타문서\letter\법무실_필리핀 교과서_IABAC의 Confirmation letter_법무팀검토의견_061228.doc,\법무DB\2. 분쟁(소송.중재.파산.형사.보전처분)\[검토종결] 필리핀 교과서\4. 기타문서\letter\법무실_필리핀 교과서_검토의견서_Confirmation letter_061228.doc,017JC4QUNSYOTYHQYA45YJAVXI3RLJRJZ5,success,파일명 변경 완료 (SharePoint Batch)
2026-06-30T14:51:59,\법무DB\2. 분쟁(소송.중재.파산.형사.보전처분)\[검토종결] 필리핀 교과서\4. 기타문서\letter\법무실_필리핀 교과서_Letter to PS-DBM and Land Bank_061109.pdf,\법무DB\2. 분쟁(소송.중재.파산.형사.보전처분)\[검토종결] 필리핀 교과서\4. 기타문서\letter\법무실_필리핀 교과서_(대우인터내셔널)대금 지급 요청서_Letter to PS-DBM and Land Bank_061109.pdf,017JC4QULOJI4YTELDZJ733E6FOAWIBH4R,success,파일명 변경 완료 (SharePoint Batch)
2026-06-30T14:52:01,\법무DB\2. 분쟁(소송.중재.파산.형사.보전처분)\[검토종결] 필리핀 교과서\4. 기타문서\letter\법무실_필리핀 교과서_Letter to Rex Bookstore(DW-HFC061110.A)_061113.pdf,\법무DB\2. 분쟁(소송.중재.파산.형사.보전처분)\[검토종결] 필리핀 교과서\4. 기타문서\letter\법무실_필리핀 교과서_법적 통지서_Letter to Rex Bookstore_061113.pdf,017JC4QUOEJRDJ6WDMGZ7Z6JQ7X5ERUCXA,success,파일명 변경 완료 (SharePoint Batch)
2026-06-30T14:52:01,\법무DB\2. 분쟁(소송.중재.파산.형사.보전처분)\[검토종결] 필리핀 교과서\4. 기타문서\letter\법무실_필리핀 교과서_Letter(.A)_061110.doc,\법무DB\2. 분쟁(소송.중재.파산.형사.보전처분)\[검토종결] 필리핀 교과서\4. 기타문서\letter\법무실_필리핀 교과서_대금 지급 보류 관련 통지서_Letter_061110.doc,017JC4QULJNZUYBXUS756YHMPRWS7CZ7MY,success,파일명 변경 완료 (SharePoint Batch)
2026-06-30T14:52:01,\법무DB\2. 분쟁(소송.중재.파산.형사.보전처분)\[검토종결] 필리핀 교과서\4. 기타문서\letter\법무실_필리핀 교과서_Letter(.B)_061110.doc,\법무DB\2. 분쟁(소송.중재.파산.형사.보전처분)\[검토종결] 필리핀 교과서\4. 기타문서\letter\법무실_필리핀 교과서_법적 통지서_Letter_061110.doc,017JC4QULUARQ3IEKU5V32WKHRTFTEEKW2,success,파일명 변경 완료 (SharePoint Batch)
2026-06-30T14:52:01,\법무DB\2. 분쟁(소송.중재.파산.형사.보전처분)\[검토종결] 필리핀 교과서\4. 기타문서\letter\법무실_필리핀 교과서_Letter-DBMPS-최종본_061113.doc,\법무DB\2. 분쟁(소송.중재.파산.형사.보전처분)\[검토종결] 필리핀 교과서\4. 기타문서\letter\법무실_필리핀 교과서_대금 지급 보류 관련 서신_Letter-DBMPS-최종본_061113_최종본.doc,017JC4QUNUWXVQGWQUEF6YZSI5IF4ZMBUG,success,파일명 변경 완료 (SharePoint Batch)
2026-06-30T14:52:01,\법무DB\2. 분쟁(소송.중재.파산.형사.보전처분)\[검토종결] 필리핀 교과서\4. 기타문서\letter\법무실_필리핀 교과서_Letter_061109.doc,\법무DB\2. 분쟁(소송.중재.파산.형사.보전처분)\[검토종결] 필리핀 교과서\4. 기타문서\letter\법무실_필리핀 교과서_교과서 공급 LC 지급 보류 통지서_Letter_061109.doc,017JC4QUJKAUOZ6PPTBV3KTECASCOTVEX3,success,파일명 변경 완료 (SharePoint Batch)
2026-06-30T14:52:01,\법무DB\2. 분쟁(소송.중재.파산.형사.보전처분)\[검토종결] 필리핀 교과서\4. 기타문서\letter\법무실_필리핀 교과서_letter-PSDBM(nov.21).pdf,\법무DB\2. 분쟁(소송.중재.파산.형사.보전처분)\[검토종결] 필리핀 교과서\4. 기타문서\letter\법무실_필리핀 교과서_보관료 발생 통지서_letter_061121_v.21.pdf,017JC4QUICY3ZT4AGOMZZ2MABFWEMT6TFS,success,파일명 변경 완료 (SharePoint Batch)
2026-06-30T14:52:01,\법무DB\2. 분쟁(소송.중재.파산.형사.보전처분)\[검토종결] 필리핀 교과서\4. 기타문서\letter\clarification letter\법무실_필리핀 교과서_Letter_clarification order.06.11.20_061120.doc,\법무DB\2. 분쟁(소송.중재.파산.형사.보전처분)\[검토종결] 필리핀 교과서\4. 기타문서\letter\clarification letter\법무실_필리핀 교과서_대금 지급 지연 통지서_Without Prejudice RE Supply and Delivery_061120.doc,017JC4QUKJONBWJCPHPR3IIK762TZ6LXQ3,success,파일명 변경 완료 (SharePoint Batch)
2026-06-30T14:52:01,\법무DB\2. 분쟁(소송.중재.파산.형사.보전처분)\[검토종결] 필리핀 교과서\4. 기타문서\letter\clarification letter\법무실_필리핀 교과서_Letter_clarification order.06.11.21_061120.doc,\법무DB\2. 분쟁(소송.중재.파산.형사.보전처분)\[검토종결] 필리핀 교과서\4. 기타문서\letter\clarification letter\법무실_필리핀 교과서_대금 지급 지연 통지서_Clarification Letter_061120.doc,017JC4QUO2ZUSTT3Q76J5K5KSODMXM3RPX,success,파일명 변경 완료 (SharePoint Batch)
2026-06-30T14:52:01,\법무DB\2. 분쟁(소송.중재.파산.형사.보전처분)\[검토종결] 필리핀 교과서\4. 기타문서\letter\clarification letter\법무실_필리핀 교과서_Letter_clarification order[1]_변호사 수정안_061206.doc,\법무DB\2. 분쟁(소송.중재.파산.형사.보전처분)\[검토종결] 필리핀 교과서\4. 기타문서\letter\clarification letter\법무실_필리핀 교과서_통관 지연 관련 통지서_Without Prejudice RE Supply and Delivery_061206_수정.doc,017JC4QULDDFMZ3PJHKR2ZMY6PJBNCQZ3B,success,파일명 변경 완료 (SharePoint Batch)
2026-06-30T14:52:01,\법무DB\2. 분쟁(소송.중재.파산.형사.보전처분)\[검토종결] 필리핀 교과서\4. 기타문서\letter\clarification letter\법무실_필리핀 교과서_Letter_clarification order_061122.doc,\법무DB\2. 분쟁(소송.중재.파산.형사.보전처분)\[검토종결] 필리핀 교과서\4. 기타문서\letter\clarification letter\법무실_필리핀 교과서_지급 지연 통지서_clarification letter_061122.doc,017JC4QUM524ZLPASDVJ22GYDLIPYXWGFX,success,파일명 변경 완료 (SharePoint Batch)
2026-06-30T14:52:01,\법무DB\2. 분쟁(소송.중재.파산.형사.보전처분)\[검토종결] 필리핀 교과서\4. 기타문서\letter\clarification letter\법무실_필리핀 교과서_Letter_clarification order_061206.doc,\법무DB\2. 분쟁(소송.중재.파산.형사.보전처분)\[검토종결] 필리핀 교과서\4. 기타문서\letter\clarification letter\법무실_필리핀 교과서_통관 지연 통지서_clarification order_061206.doc,017JC4QUNQJWE65AF2SF33YG3GR5JCZVT5,success,파일명 변경 완료 (SharePoint Batch)
2026-06-30T14:52:01,\법무DB\2. 분쟁(소송.중재.파산.형사.보전처분)\[검토종결] 필리핀 교과서\4. 기타문서\letter\clarification letter\법무실_필리핀 교과서_Letter_clarification order_061206_(final version).doc,\법무DB\2. 분쟁(소송.중재.파산.형사.보전처분)\[검토종결] 필리핀 교과서\4. 기타문서\letter\clarification letter\법무실_필리핀 교과서_통관 지연 통지서_Letter clarification order_061206_final.doc,017JC4QUKKBWFBBANOIJ5Y4C6PW4HL4RYC,success,파일명 변경 완료 (SharePoint Batch)
2026-06-30T14:52:01,\법무DB\2. 분쟁(소송.중재.파산.형사.보전처분)\[검토종결] 필리핀 교과서\4. 기타문서\letter\clarification letter\법무실_필리핀 교과서_변호사 e-mail_clarification order 및 appeal 시간_061206.doc,\법무DB\2. 분쟁(소송.중재.파산.형사.보전처분)\[검토종결] 필리핀 교과서\4. 기타문서\letter\clarification letter\법무실_필리핀 교과서_법률 의견서_clarification letter_061206.doc,017JC4QUPMIAUF77OY2J6IXESSFAFSOKVS,success,파일명 변경 완료 (SharePoint Batch)
2026-06-30T14:52:01,\법무DB\2. 분쟁(소송.중재.파산.형사.보전처분)\[검토종결] 필리핀 교과서\4. 기타문서\letter\대금지급확약서(06.12.22)\법무실_필리핀 교과서_Letter to DBM-PS(.A)_061222.pdf,\법무DB\2. 분쟁(소송.중재.파산.형사.보전처분)\[검토종결] 필리핀 교과서\4. 기타문서\letter\대금지급확약서(06.12.22)\법무실_필리핀 교과서_대금지급확약서_Letter to DBM-PS_061222.pdf,017JC4QUIYAH34WPEXWV4L7QEZ6Q6D64EB,success,파일명 변경 완료 (SharePoint Batch)
2026-06-30T14:52:01,\법무DB\2. 분쟁(소송.중재.파산.형사.보전처분)\[검토종결] 필리핀 교과서\4. 기타문서\letter\대금지급확약서(06.12.22)\법무실_필리핀 교과서_Letter_대금지급 청구의 건_061222.doc,\법무DB\2. 분쟁(소송.중재.파산.형사.보전처분)\[검토종결] 필리핀 교과서\4. 기타문서\letter\대금지급확약서(06.12.22)\법무실_필리핀 교과서_대금지급확약서_Letter_061222.doc,017JC4QUPT4SZRTN5QLRY3YHZTBAZLKFMX,success,파일명 변경 완료 (SharePoint Batch)
2026-06-30T14:52:01,\법무DB\2. 분쟁(소송.중재.파산.형사.보전처분)\[검토종결] 필리핀 교과서\4. 기타문서\letter\대금지급확약서(06.12.22)\법무실_필리핀 교과서_대금지급확약서 검토의견.doc,\법무DB\2. 분쟁(소송.중재.파산.형사.보전처분)\[검토종결] 필리핀 교과서\4. 기타문서\letter\대금지급확약서(06.12.22)\법무실_필리핀 교과서_대금지급확약서 검토의견_061222.doc,017JC4QUID7WNO4Y3TWBYL2MHWH5C4UXBF,success,파일명 변경 완료 (SharePoint Batch)
2026-06-30T14:52:01,\법무DB\2. 분쟁(소송.중재.파산.형사.보전처분)\[검토종결] 필리핀 교과서\4. 기타문서\payment(2차 discrepancy)\법무실_필리핀 교과서_discrepancy notice(2nd cargo for textbooks).pdf,\법무DB\2. 분쟁(소송.중재.파산.형사.보전처분)\[검토종결] 필리핀 교과서\4. 기타문서\payment(2차 discrepancy)\법무실_필리핀 교과서_(Land Bank of the Philippines)선적불일치통지서_discrepancy notice_061123.pdf,017JC4QUIN7BVJJJPY4F7YROK46KLE3NEH,success,파일명 변경 완료 (SharePoint Batch)
2026-06-30T14:52:01,\법무DB\2. 분쟁(소송.중재.파산.형사.보전처분)\[검토종결] 필리핀 교과서\4. 기타문서\국내 판례\법무실_필리핀 교과서_신용장대금지급금지가처분.doc,\법무DB\2. 분쟁(소송.중재.파산.형사.보전처분)\[검토종결] 필리핀 교과서\4. 기타문서\국내 판례\법무실_필리핀 교과서_(대법원)신용장대금지급금지가처분_030124.doc,017JC4QUKXOSSUIBNX7V7ZI6VIC5QU2MAW,success,파일명 변경 완료 (SharePoint Batch)
2026-06-30T14:52:01,\법무DB\2. 분쟁(소송.중재.파산.형사.보전처분)\[검토종결] 필리핀 교과서\4. 기타문서\세관 letter\법무실_필리핀 교과서_1. DBMPS-Bureau of Custom letter.pdf,\법무DB\2. 분쟁(소송.중재.파산.형사.보전처분)\[검토종결] 필리핀 교과서\4. 기타문서\세관 letter\법무실_필리핀 교과서_세관 통관 서한_DBMPS-Bureau of Custom letter_060926.pdf,017JC4QUOTKGVTLUMB2ZZZO6DOFTEKVXMQ,success,파일명 변경 완료 (SharePoint Batch)
2026-06-30T14:52:01,\법무DB\2. 분쟁(소송.중재.파산.형사.보전처분)\[검토종결] 필리핀 교과서\4. 기타문서\세관 letter\법무실_필리핀 교과서_2.Bureau of Customs letter.pdf,\법무DB\2. 분쟁(소송.중재.파산.형사.보전처분)\[검토종결] 필리핀 교과서\4. 기타문서\세관 letter\법무실_필리핀 교과서_세관 통관 서한_Bureau of Customs letter_061205.pdf,017JC4QULREWDXIIYUOZ4K5XZMJA4EG3G6,success,파일명 변경 완료 (SharePoint Batch)
2026-06-30T14:52:03,\법무DB\2. 분쟁(소송.중재.파산.형사.보전처분)\[검토종결] 필리핀 교과서\4. 기타문서\세관 letter\법무실_필리핀 교과서_3. SOG letter.pdf,\법무DB\2. 분쟁(소송.중재.파산.형사.보전처분)\[검토종결] 필리핀 교과서\4. 기타문서\세관 letter\법무실_필리핀 교과서_세관 통관 의견서_LETTER_061213.pdf,017JC4QUOXJMJ264IWHZY3VIKVIBJFUKUC,success,파일명 변경 완료 (SharePoint Batch)
2026-06-30T14:52:03,\법무DB\2. 분쟁(소송.중재.파산.형사.보전처분)\[검토종결] 필리핀 교과서\4. 기타문서\신문기사\법무실_필리핀 교과서_신문기사(10.27-11.1).pdf,\법무DB\2. 분쟁(소송.중재.파산.형사.보전처분)\[검토종결] 필리핀 교과서\4. 기타문서\신문기사\법무실_필리핀 교과서_(Manila Standard Today)필리핀 교과서 입찰 비리 의혹 보도_Education denies hand in book mess_271101.pdf,017JC4QUJ5YTMNUAZ5WJZ2GNQPD456W6SF,success,파일명 변경 완료 (SharePoint Batch)
2026-06-30T14:52:03,\법무DB\2. 분쟁(소송.중재.파산.형사.보전처분)\[검토종결] 필리핀 교과서\4. 기타문서\신문기사\World Bank 기사\법무실_필리핀 교과서_letter_to_the_editor_inq7.pdf,\법무DB\2. 분쟁(소송.중재.파산.형사.보전처분)\[검토종결] 필리핀 교과서\4. 기타문서\신문기사\World Bank 기사\법무실_필리핀 교과서_(World Bank)World Bank 입장 표명_letter_to_the_editor_061031.pdf,017JC4QUJDXSTOGB2XTV4I7QUK2WTP6ABH,success,파일명 변경 완료 (SharePoint Batch)
2026-06-30T14:52:03,\법무DB\2. 분쟁(소송.중재.파산.형사.보전처분)\[검토종결] 필리핀 교과서\4. 기타문서\신문기사\World Bank 기사\법무실_필리핀 교과서_letter_to_the_editor_philstar.pdf,\법무DB\2. 분쟁(소송.중재.파산.형사.보전처분)\[검토종결] 필리핀 교과서\4. 기타문서\신문기사\World Bank 기사\법무실_필리핀 교과서_(World Bank)World Bank 입장 표명_letter to the editor_061026.pdf,017JC4QUJ76O2ASULHWR53YSMY5FJVBAKE,success,파일명 변경 완료 (SharePoint Batch)
2026-06-30T14:52:03,\법무DB\2. 분쟁(소송.중재.파산.형사.보전처분)\[검토종결] 필리핀 교과서\4. 기타문서\필리핀 법규\법무실_필리핀 교과서_1999 Internal Rules of Court of Appeals.doc,\법무DB\2. 분쟁(소송.중재.파산.형사.보전처분)\[검토종결] 필리핀 교과서\4. 기타문서\필리핀 법규\법무실_필리핀 교과서_항소법원 내부규칙_1999 Internal Rules of the Court of Appe_991215.doc,017JC4QUIY2QKKFHQGRV3ZSK5TOVT3ESJG,success,파일명 변경 완료 (SharePoint Batch)
2026-06-30T14:52:03,\법무DB\2. 분쟁(소송.중재.파산.형사.보전처분)\[검토종결] 필리핀 교과서\4. 기타문서\필리핀 법규\법무실_필리핀 교과서_ProcGuid-08-06-ev1(world bank guideline).doc,\법무DB\2. 분쟁(소송.중재.파산.형사.보전처분)\[검토종결] 필리핀 교과서\4. 기타문서\필리핀 법규\법무실_필리핀 교과서_(월드뱅크)조달 지침_Guidelines Procurement Under IBRD Loans_060801_v1.doc,017JC4QUNJ2T7QTTKV2V2YVAEEFKHDRYSG,success,파일명 변경 완료 (SharePoint Batch)
2026-06-30T14:52:03,\법무DB\2. 분쟁(소송.중재.파산.형사.보전처분)\[검토종결] 필리핀 교과서\4. 기타문서\필리핀 법규\법무실_필리핀 교과서_supplemetary contract_confirmation letter_061229.pdf,\법무DB\2. 분쟁(소송.중재.파산.형사.보전처분)\[검토종결] 필리핀 교과서\4. 기타문서\필리핀 법규\법무실_필리핀 교과서_(필리핀 조달청)대금지급 확인서_confirmation letter_061229.pdf,017JC4QUN33LAMH4HRFB7LUJNZVLGO5P3O,success,파일명 변경 완료 (SharePoint Batch)
2026-06-30T14:52:03,\법무DB\2. 분쟁(소송.중재.파산.형사.보전처분)\[검토종결] 필리핀 교과서\4. 기타문서\필리핀 법규\R.A.9184\법무실_필리핀 교과서_IRR-A-amended.pdf,\법무DB\2. 분쟁(소송.중재.파산.형사.보전처분)\[검토종결] 필리핀 교과서\4. 기타문서\필리핀 법규\R.A.9184\법무실_필리핀 교과서_필리핀 정부 조달법 시행규칙_Implementing Rules and Regulations of Re_031008.pdf,017JC4QUJCXYAOZF7HSZ3KP6M5YKBOLORC,success,파일명 변경 완료 (SharePoint Batch)
2026-06-30T14:52:03,\법무DB\2. 분쟁(소송.중재.파산.형사.보전처분)\[검토종결] 필리핀 교과서\4. 기타문서\필리핀 법규\R.A.9184\법무실_필리핀 교과서_RA_9184.pdf,\법무DB\2. 분쟁(소송.중재.파산.형사.보전처분)\[검토종결] 필리핀 교과서\4. 기타문서\필리핀 법규\R.A.9184\법무실_필리핀 교과서_정부 조달 개혁법_Government Procurement Reform Act_030110.pdf,017JC4QUKX34E6CFZBYZ3ITNSNKNJ2NBVE,success,파일명 변경 완료 (SharePoint Batch)
2026-06-30T14:52:03,\법무DB\2. 분쟁(소송.중재.파산.형사.보전처분)\[검토종결] 호주 Natcomp\4. 기타문서\법무실_호주 Natcomp_Blake Dawson Retainer Letter.pdf,\법무DB\2. 분쟁(소송.중재.파산.형사.보전처분)\[검토종결] 호주 Natcomp\4. 기타문서\법무실_호주 Natcomp_(Blake Dawson Waldron)법률 자문 계약서_Retainer Letter_050412.pdf,017JC4QUP2GR4Y7KG6CZYIQHVP247HWQQJ,success,파일명 변경 완료 (SharePoint Batch)
2026-06-30T14:52:03,\법무DB\2. 분쟁(소송.중재.파산.형사.보전처분)\[검토종결] 호주 Natcomp\4. 기타문서\법무실_호주 Natcomp_Colortac Letter(10.4)NATCOMP.doc,"\법무DB\2. 분쟁(소송.중재.파산.형사.보전처분)\[검토종결] 호주 Natcomp\4. 기타문서\법무실_호주 Natcomp_(Colortac Technology Co., Ltd)Colortac 클레임 통지서_Colortac Letter_100401.doc",017JC4QUKVY77BIXVVGNYYVCD44XBVJF7G,success,파일명 변경 완료 (SharePoint Batch)
2026-06-30T14:52:03,\법무DB\2. 분쟁(소송.중재.파산.형사.보전처분)\[검토종결] 호주 Natcomp\4. 기타문서\법무실_호주 Natcomp_Colortac향 letter 초안(Settlement Agreement 관련).doc,\법무DB\2. 분쟁(소송.중재.파산.형사.보전처분)\[검토종결] 호주 Natcomp\4. 기타문서\법무실_호주 Natcomp_Settlement Agreement 초안_Settlement Agreement_050420.doc,017JC4QUJXZXJDAL36RVZLNMK6JXFOXCTA,success,파일명 변경 완료 (SharePoint Batch)
2026-06-30T14:52:03,\법무DB\2. 분쟁(소송.중재.파산.형사.보전처분)\[검토종결] 호주 Natcomp\4. 기타문서\법무실_호주 Natcomp_Scan0007.jpg,\법무DB\2. 분쟁(소송.중재.파산.형사.보전처분)\[검토종결] 호주 Natcomp\4. 기타문서\법무실_호주 Natcomp_(Blake Dawson Waldron)법률회사 소개_610201.jpg,017JC4QUIFUYIA7S26Z54LHDXIHSZNY7WQ,success,파일명 변경 완료 (SharePoint Batch)
2026-06-30T14:52:03,\법무DB\2. 분쟁(소송.중재.파산.형사.보전처분)\[검토종결] 호주 Natcomp\4. 기타문서\법무실_호주 Natcomp_Scan0007.tif,\법무DB\2. 분쟁(소송.중재.파산.형사.보전처분)\[검토종결] 호주 Natcomp\4. 기타문서\법무실_호주 Natcomp_(Blake Dawson Waldron)법무법인 소개서_990201.tif,017JC4QUITYMWULWSXJV7KLZ5CGN3KRDDS,success,파일명 변경 완료 (SharePoint Batch)
2026-06-30T14:52:03,\법무DB\2. 분쟁(소송.중재.파산.형사.보전처분)\[검토종결] 호주 Natcomp\4. 기타문서\법무실_호주 Natcomp_Settlement Agreement (Natcomp v Daewoo_18APR05)-정XX 과장 초안_Draft.doc,\법무DB\2. 분쟁(소송.중재.파산.형사.보전처분)\[검토종결] 호주 Natcomp\4. 기타문서\법무실_호주 Natcomp_(대우인터내셔널)합의서_Settlement Agreement_050418_Draft.doc,017JC4QUIU6NYZTE4GSN63FCSAMPABBAEK,success,파일명 변경 완료 (SharePoint Batch)
2026-06-30T14:52:03,\법무DB\2. 분쟁(소송.중재.파산.형사.보전처분)\[검토종결] 호주 Natcomp\4. 기타문서\법무실_호주 Natcomp_Settlement Agreement (Natcomp v Daewoo_18APR05)ver 1(법무실 안)_Draft.doc,\법무DB\2. 분쟁(소송.중재.파산.형사.보전처분)\[검토종결] 호주 Natcomp\4. 기타문서\법무실_호주 Natcomp_합의서_Settlement Agreement_050418_ver1.doc,017JC4QUID7VOXXW4Z6N7J2YM64RLXPA6R,success,파일명 변경 완료 (SharePoint Batch)
2026-06-30T14:52:03,\법무DB\2. 분쟁(소송.중재.파산.형사.보전처분)\[검토종결] 호주 Natcomp\4. 기타문서\법무실_호주 Natcomp_Settlement Agreement (Natcomp v Daewoo_20APR05)_Draft.doc,\법무DB\2. 분쟁(소송.중재.파산.형사.보전처분)\[검토종결] 호주 Natcomp\4. 기타문서\법무실_호주 Natcomp_합의서_Settlement Agreement_050420_Draft.doc,017JC4QUIMTWWI67RPLB4LWVJ32IY6RRUA,success,파일명 변경 완료 (SharePoint Batch)
2026-06-30T14:52:03,\법무DB\2. 분쟁(소송.중재.파산.형사.보전처분)\[검토종결] 호주 Natcomp\4. 기타문서\법무실_호주 Natcomp_letter to Natcomp(11.2).doc,\법무DB\2. 분쟁(소송.중재.파산.형사.보전처분)\[검토종결] 호주 Natcomp\4. 기타문서\법무실_호주 Natcomp_(GRAY & PERKINS)불량 모니터 관련 이의 서신_letter to Natcomp_110201.doc,017JC4QUP4NOMRZCMHR5ZYDDWK2V5SUFRI,success,파일명 변경 완료 (SharePoint Batch)
2026-06-30T14:52:03,\법무DB\2. 분쟁(소송.중재.파산.형사.보전처분)\[검토종결] 호주 Natcomp\4. 기타문서\법무실_호주 Natcomp_letter to Natcomp(11.4).doc,\법무DB\2. 분쟁(소송.중재.파산.형사.보전처분)\[검토종결] 호주 Natcomp\4. 기타문서\법무실_호주 Natcomp_(GRAY & PERKINS)불량제품 항변서_letter to Natcomp_110401.doc,017JC4QUNHP3LOI6MJ7N23KZPWIXVGBX7U,success,파일명 변경 완료 (SharePoint Batch)
2026-06-30T14:52:03,\법무DB\2. 분쟁(소송.중재.파산.형사.보전처분)\[검토종결] 호주 Natcomp\4. 기타문서\법무실_호주 Natcomp_letter to Natcomp-법무실 검토의견_050330.doc,\법무DB\2. 분쟁(소송.중재.파산.형사.보전처분)\[검토종결] 호주 Natcomp\4. 기타문서\법무실_호주 Natcomp_검토의견서_letter to Natcomp-법무실 검토의견_050330.doc,017JC4QUPVMNY7NOYM6J5IMVRHDACVZ6VG,success,파일명 변경 완료 (SharePoint Batch)
2026-06-30T14:52:04,\법무DB\2. 분쟁(소송.중재.파산.형사.보전처분)\[검토종결] 호주 Natcomp\4. 기타문서\법무실_호주 Natcomp_박XX 이사 변호사 meeting 보고 email_050408.doc,\법무DB\2. 분쟁(소송.중재.파산.형사.보전처분)\[검토종결] 호주 Natcomp\4. 기타문서\법무실_호주 Natcomp_(B&D)변호사 미팅 보고서_050408.doc,017JC4QUPJRDEEVKLW256ZKA44SEZFIJNL,success,파일명 변경 완료 (SharePoint Batch)
2026-06-30T14:52:04,\법무DB\2. 분쟁(소송.중재.파산.형사.보전처분)\[검토종결] 호주 Natcomp\4. 기타문서\법무실_호주 Natcomp_변호사 설명 자료_050418.doc,\법무DB\2. 분쟁(소송.중재.파산.형사.보전처분)\[검토종결] 호주 Natcomp\4. 기타문서\법무실_호주 Natcomp_변호사 설명 자료_050418.doc,017JC4QUK2ANE65J53GB3LWID4ZGEF4DSS,success,파일명 변경 완료 (SharePoint Batch)
2026-06-30T14:52:04,\법무DB\2. 분쟁(소송.중재.파산.형사.보전처분)\[검토종결] 호주 Natcomp\4. 기타문서\법무실_호주 Natcomp_회계팀 송부 자료.doc,\법무DB\2. 분쟁(소송.중재.파산.형사.보전처분)\[검토종결] 호주 Natcomp\4. 기타문서\법무실_호주 Natcomp_회계팀 송부 자료_050228.doc,017JC4QULD5G442X2JEJ5JO6EFJYDOMBRX,success,파일명 변경 완료 (SharePoint Batch)
2026-06-30T14:52:04,\법무DB\2. 분쟁(소송.중재.파산.형사.보전처분)\[검토종결] 호주 Natcomp\4. 기타문서\Settlement Agreement\법무실_호주 Natcomp_112675150_Settlement Agreement (Natcomp v Daewoo_20APR-대우안_rev_Draft.doc,\법무DB\2. 분쟁(소송.중재.파산.형사.보전처분)\[검토종결] 호주 Natcomp\4. 기타문서\Settlement Agreement\법무실_호주 Natcomp_합의서_Settlement Agreement_050422_rev.doc,017JC4QUP4TXZ25ZD33J3Z3X7JKBJEPNJI,success,파일명 변경 완료 (SharePoint Batch)
2026-06-30T14:52:04,\법무DB\2. 분쟁(소송.중재.파산.형사.보전처분)\[검토종결] 호주 Natcomp\4. 기타문서\Settlement Agreement\법무실_호주 Natcomp_112675150_Settlement Agreement (Natcomp v Daewoo_20APR_Draft.doc,\법무DB\2. 분쟁(소송.중재.파산.형사.보전처분)\[검토종결] 호주 Natcomp\4. 기타문서\Settlement Agreement\법무실_호주 Natcomp_합의서_Settlement Agreement_050420_Draft.doc,017JC4QUOY7CL6TSPRWBYKPRB6UYYENLG7,success,파일명 변경 완료 (SharePoint Batch)
2026-06-30T14:52:04,\법무DB\2. 분쟁(소송.중재.파산.형사.보전처분)\[검토종결] 호주 Natcomp\4. 기타문서\Settlement Agreement\법무실_호주 Natcomp_112676459_Comparision.doc,\법무DB\2. 분쟁(소송.중재.파산.형사.보전처분)\[검토종결] 호주 Natcomp\4. 기타문서\Settlement Agreement\법무실_호주 Natcomp_합의서_Settlement Agreement_050422.doc,017JC4QUMZEU4XROMKH56ILOJRX67YCBEV,success,파일명 변경 완료 (SharePoint Batch)
2026-06-30T14:52:04,\법무DB\2. 분쟁(소송.중재.파산.형사.보전처분)\[검토종결] 홍콩 GBM\4. 기타문서\법무실_홍콩 GBM_INTERNATIONAL ARBITRATION ACT.doc,\법무DB\2. 분쟁(소송.중재.파산.형사.보전처분)\[검토종결] 홍콩 GBM\4. 기타문서\법무실_홍콩 GBM_국제상사중재법 검토_INTERNATIONAL ARBITRATION ACT_021231.doc,017JC4QUOXXFOPKCXXPN3YL4EDRE5IFTUO,success,파일명 변경 완료 (SharePoint Batch)
2026-06-30T14:52:04,\법무DB\2. 분쟁(소송.중재.파산.형사.보전처분)\[검토종결] 홍콩 GBM\4. 기타문서\법무실_홍콩 GBM_Invoice-last payment_(Rev.).tif,\법무DB\2. 분쟁(소송.중재.파산.형사.보전처분)\[검토종결] 홍콩 GBM\4. 기타문서\법무실_홍콩 GBM_(GBM Advanced Technology International Inc)상업 송장_COMMERCIAL INVOICE_050822_Rev.tif,017JC4QUN4K53ENISXJJ53ZICXX7AXIT6R,success,파일명 변경 완료 (SharePoint Batch)
2026-06-30T14:52:04,\법무DB\2. 분쟁(소송.중재.파산.형사.보전처분)\[검토종결] 홍콩 GBM\4. 기타문서\DAEWOO LETTER TO DONALDSON\법무실_홍콩 GBM_fax to donaldson_050701.pdf,\법무DB\2. 분쟁(소송.중재.파산.형사.보전처분)\[검토종결] 홍콩 GBM\4. 기타문서\DAEWOO LETTER TO DONALDSON\법무실_홍콩 GBM_법무실 팩스_fax to donaldson_050701.pdf,017JC4QUJMEXXIC5CVI52ZA6K3JTKOFQ77,success,파일명 변경 완료 (SharePoint Batch)
2026-06-30T14:52:04,\법무DB\2. 분쟁(소송.중재.파산.형사.보전처분)\[검토종결] 홍콩 GBM\4. 기타문서\DAEWOO LETTER TO SIAC\법무실_홍콩 GBM_Letter to SIAC.pdf,\법무DB\2. 분쟁(소송.중재.파산.형사.보전처분)\[검토종결] 홍콩 GBM\4. 기타문서\DAEWOO LETTER TO SIAC\법무실_홍콩 GBM_(Rodyk & Davidson)SIAC 중재 통지서_Letter to SIAC_050701.pdf,017JC4QUNVW3YSWRTCBV52CME5WW4VX7BA,success,파일명 변경 완료 (SharePoint Batch)
2026-06-30T14:52:04,\법무DB\2. 분쟁(소송.중재.파산.형사.보전처분)\[검토종결] 홍콩 GBM\4. 기타문서\DAEWOO LETTER TO SIAC\법무실_홍콩 GBM_Ltr to SIAC_050701.pdf,"\법무DB\2. 분쟁(소송.중재.파산.형사.보전처분)\[검토종결] 홍콩 GBM\4. 기타문서\DAEWOO LETTER TO SIAC\법무실_홍콩 GBM_(SIAC, RODYK)SIAC 중재 통지서_Ltr to SIAC_050701.pdf",017JC4QUKHOPOV3VSKJZ23LNKGJTSG65RO,success,파일명 변경 완료 (SharePoint Batch)
2026-06-30T14:52:04,\법무DB\2. 분쟁(소송.중재.파산.형사.보전처분)\[검토종결] 홍콩 GBM\4. 기타문서\DAEWOO LETTER TO SIAC\법무실_홍콩 GBM_RODYK-#318944-Letter_to_SIAC_050801_v1.DOC,\법무DB\2. 분쟁(소송.중재.파산.형사.보전처분)\[검토종결] 홍콩 GBM\4. 기타문서\DAEWOO LETTER TO SIAC\법무실_홍콩 GBM_(Rodyk & Davidson LLP)중재 합의서_Letter to SIAC_050801_v1.doc,017JC4QUP5WEMP3EBRMV23MRHUXKO2USUY,success,파일명 변경 완료 (SharePoint Batch)
2026-06-30T14:52:04,\법무DB\2. 분쟁(소송.중재.파산.형사.보전처분)\[검토종결] 홍콩 GBM\4. 기타문서\DAEWOO LETTER TO SIAC\법무실_홍콩 GBM_fax to SIAC_050801.pdf,"\법무DB\2. 분쟁(소송.중재.파산.형사.보전처분)\[검토종결] 홍콩 GBM\4. 기타문서\DAEWOO LETTER TO SIAC\법무실_홍콩 GBM_(SIAC, RODYK & DAVIDSON)중재 합의 종결 통지_050801.pdf",017JC4QUNZSDWBEYQLX55YSBZHD2NYMH7X,success,파일명 변경 완료 (SharePoint Batch)
2026-06-30T14:52:04,\법무DB\2. 분쟁(소송.중재.파산.형사.보전처분)\[검토종결] 홍콩 GBM\4. 기타문서\DONALDSON LETTER\법무실_홍콩 GBM_D&S Fax_050706.pdf,\법무DB\2. 분쟁(소송.중재.파산.형사.보전처분)\[검토종결] 홍콩 GBM\4. 기타문서\DONALDSON LETTER\법무실_홍콩 GBM_(DONALDSON & BURKINSHAW)중재 절차 개시 요청서_DONALDSON LETTER_050706.pdf,017JC4QUNYPGR6G3VRUB4YK3Q5QZXDW73U,success,파일명 변경 완료 (SharePoint Batch)
2026-06-30T14:52:04,\법무DB\2. 분쟁(소송.중재.파산.형사.보전처분)\[검토종결] 홍콩 GBM\4. 기타문서\DONALDSON LETTER\법무실_홍콩 GBM_Fax from D&B_050803.pdf,\법무DB\2. 분쟁(소송.중재.파산.형사.보전처분)\[검토종결] 홍콩 GBM\4. 기타문서\DONALDSON LETTER\법무실_홍콩 GBM_(DONALDSON & BURKINSHAW)D&B 법률통지문_DONALDSON LETTER_050803.pdf,017JC4QUPSAXFVOP2RZJZY7XCNYLQVJQAF,success,파일명 변경 완료 (SharePoint Batch)
2026-06-30T14:52:04,\법무DB\2. 분쟁(소송.중재.파산.형사.보전처분)\[검토종결] 홍콩 GBM\4. 기타문서\DONALDSON LETTER\법무실_홍콩 GBM_letter from Donaldson to SIAC-Daewoo_050721.pdf,\법무DB\2. 분쟁(소송.중재.파산.형사.보전처분)\[검토종결] 홍콩 GBM\4. 기타문서\DONALDSON LETTER\법무실_홍콩 GBM_(Donaldson & Burkinshaw)SIAC 중재 관련 법무법인 서신_letter from Donaldson to SIAC-Daewoo_050721.pdf,017JC4QUNWGD6S4JRCT572VOSJI2IRUIYL,success,파일명 변경 완료 (SharePoint Batch)
2026-06-30T14:52:04,\법무DB\2. 분쟁(소송.중재.파산.형사.보전처분)\[검토종결] 홍콩 GBM\4. 기타문서\DONALDSON LETTER\법무실_홍콩 GBM_ltr from Donaldson_050912.pdf,\법무DB\2. 분쟁(소송.중재.파산.형사.보전처분)\[검토종결] 홍콩 GBM\4. 기타문서\DONALDSON LETTER\법무실_홍콩 GBM_(DONALDSON & BURKINSHAW)중재 사건 철회 통지_ltr from Donaldson_050912.pdf,017JC4QUMPH6UJP2D4RVYKX6XGXQ4PVCOO,success,파일명 변경 완료 (SharePoint Batch)
2026-06-30T14:52:04,\법무DB\2. 분쟁(소송.중재.파산.형사.보전처분)\[검토종결] 홍콩 GBM\4. 기타문서\SIAC 발송 문서\법무실_홍콩 GBM_Lttr from SIAC_050721.pdf,\법무DB\2. 분쟁(소송.중재.파산.형사.보전처분)\[검토종결] 홍콩 GBM\4. 기타문서\SIAC 발송 문서\법무실_홍콩 GBM_(Singapore International Arbitration Centre)SIAC 중재 통지서_Lttr from SIAC_050721.pdf,017JC4QUKNTXTMF4GAJV6LLRCP4E53WWJE,success,파일명 변경 완료 (SharePoint Batch)
2026-06-30T14:52:04,\법무DB\2. 분쟁(소송.중재.파산.형사.보전처분)\[검토종결] 홍콩 GBM\4. 기타문서\SIAC 발송 문서\법무실_홍콩 GBM_Siac letter_050628.pdf,\법무DB\2. 분쟁(소송.중재.파산.형사.보전처분)\[검토종결] 홍콩 GBM\4. 기타문서\SIAC 발송 문서\법무실_홍콩 GBM_(Donaldson & Burkshaw)중재 통지서_Notice of Arbitration_050628.pdf,017JC4QUMFFQEIWA2KXJ6ZUJJIY54LTPSN,success,파일명 변경 완료 (SharePoint Batch)
2026-06-30T14:52:04,\법무DB\2. 분쟁(소송.중재.파산.형사.보전처분)\[검토종결] 홍콩 GBM\4. 기타문서\SIAC 발송 문서\법무실_홍콩 GBM_fax from SIAC_050727.pdf,\법무DB\2. 분쟁(소송.중재.파산.형사.보전처분)\[검토종결] 홍콩 GBM\4. 기타문서\SIAC 발송 문서\법무실_홍콩 GBM_(SIAC)중재 임시 서류_fax from SIAC_050727.pdf,017JC4QUMWSLTOZDS5W5Y3SLBRAW6FL4AO,success,파일명 변경 완료 (SharePoint Batch)
