Original Filename,Changed Filename
법무실_국내 동해조선_[그린트레이딩]_대우향_BIWTA 운송계약 해지에 따른 현안 회신 요청_공문_2_121128.pdf,법무실_국내 동해조선_운송계약 해지 회신 요청_121128.pdf
법무실_국내 동해조선_[그린트레이딩]_대우향_운송계약 및 교육 관련_공문_121224.pdf,법무실_국내 동해조선_운송계약 및 교육 관련 공문_CORRES_121224.pdf
법무실_국내 동해조선_[그린트레이딩]_대우향_운송계약위약금 등 관련_공문_121210.pdf,법무실_국내 동해조선_운송계약위약금 관련 공문_121210.pdf
법무실_국내 동해조선_[그린트레이딩]_대우향_운송및 교육관련_공문_121227.pdf,법무실_국내 동해조선_(그린트레이딩)운송 및 교육 관련 공문_CORRES_121227.pdf
법무실_국내 동해조선_[청우로지텍]_그린트레이딩향_1st narrow down notice_공문_120719.pdf,법무실_국내 동해조선_(청우로지텍)협상 통지서_1st Narrow Down Notice_120719.pdf
법무실_국내 동해조선_[청우로지텍]_그린트레이딩향_PJT 유지 또는 해지에 대한 결정 요청_공문_120727.pdf,법무실_국내 동해조선_(청우로지텍)PJT 결정 요청 공문_120727.pdf
법무실_국내 동해조선_[청우로지텍]_그린트레이딩향_PJT 화물준비지연으로 체선발생 및 계약유지에 관한 의견제출_공문_120727.pdf,법무실_국내 동해조선_의견제출_120727.pdf
법무실_국내 동해조선_[청우로지텍]_그린트레이딩향_선박변경 통보 및 7 days Advance Notice_공문_120726.pdf,법무실_국내 동해조선_(청우로지텍)선박변경 통보 공문_7 days Advance Notice_120726.pdf
법무실_국내 동해조선_[청우로지텍]_그린트레이딩향_용선계약 해지에 따른 위약금 지불요청_내용증명_121012.pdf,법무실_국내 동해조선_위약금 지불요청 내용증명_121012.pdf
법무실_국내 동해조선_(대우)그린트레이딩 확인_운송및교육계약_청산합의서_130307.pdf,법무실_국내 동해조선_(대우인터내셔널)청산합의서_운송및교육계약_청산합의서_130307.pdf
법무실_국내 동해조선_[그린트레이딩]_대우&동해조선향_채권 등 포기 확인서_130308.pdf,법무실_국내 동해조선_채권포기확인서_130308.pdf
법무실_국내 동해조선_[그린트레이딩]_운송클레임 및 동해조선 대여금_경위서_121126.pdf,법무실_국내 동해조선_운송클레임 및 대여금 경위서_121126.pdf
법무실_국내 동해조선_[그린트레이딩vs.청우로지텍]_최종견적&계약서_signed_110831.pdf,법무실_국내 동해조선_선박용선계약서_HEAVYCON 2007 BIMCO STANDARD HEAVYLIFT C_110831_최종.pdf
법무실_국내 동해조선_[정도경영실]_청우로지텍 진정서 관련 조사 결과_130318.pdf,법무실_국내 동해조선_청우로지텍 진정서 조사 결과_130318.pdf
법무실_국내 동해조선_[대우&율촌]_그린트레이딩 관련 질의사항 등_교신내역_130220.pdf,법무실_국내 동해조선_(율촌)그린트레이딩 질의 교신_130220.pdf
법무실_국내 동해조선_[대우&율촌]_그린트레이딩 관련 질의사항(상계 등)_교신내역_121220.pdf,법무실_국내 동해조선_(율촌)교신내역_121220.pdf
법무실_국내 동해조선_[대우&율촌]_그린트레이딩 관련 질의사항(상계 등)_교신내역_121228.pdf,법무실_국내 동해조선_(율촌)그린트레이딩 질의 교신_121228.pdf
법무실_국내 동해조선_[대우&율촌]_그린트레이딩 관련 질의사항_교신내역_130220.pdf,법무실_국내 동해조선_(율촌)그린트레이딩 관련 질의사항 교신내역_130220.pdf
법무실_국내 동해조선_[법무실]_율촌향_청우로지텍 본압류이전 채권압류 및 추심명령에 대한 진술최고 회신 관련 질의_140609.pdf,법무실_국내 동해조선_(율촌)진술최고 회신_140609.pdf
법무실_국내 동해조선_[법무실]_청우로지텍 본압류이전 채권압류 및 추심명령에 대한 진술최고 회신_초안관련 Email(법무실작성)_140611.pdf,법무실_국내 동해조선_진술최고 회신_140611.pdf
법무실_국내 동해조선_[율촌]_청우로지텍 본압류이전 채권압류 및 추심명령에 대한 진술최고 회신 초안_140611.pdf,법무실_국내 동해조선_(율촌)진술최고 회신 초안_140611.pdf
법무실_국내 동해조선_(대우)그린트레이딩 확인_운송및교육계약_청산합의서_130307.pdf,법무실_국내 동해조선_(대우인터내셔널)청산합의서_운송및교육계약_청산합의서_130307.pdf
"법무실_국내 동해조선_(대우)그린트레이딩향_BIWTA 프로젝트 운송, 교육 관련_공문_121226.pdf","법무실_국내 동해조선_(대우인터내셔널)BIWTA 프로젝트 운송, 교육 공문_121226.pdf"
법무실_국내 동해조선_(대우)그린트레이딩향_상계통보_공문_130218.pdf,법무실_국내 동해조선_상계통보 공문_130218.pdf
법무실_국내 동해조선_(대우)그린트레이딩향_운송 및 교육계약 해제(해지)_통보_공문_130218.pdf,법무실_국내 동해조선_계약해지통보서_130218.pdf
법무실_국내 동해조선_(대우)그린트레이딩향_운송및 교육관련 회신_공문_130103.pdf,법무실_국내 동해조선_운송 및 교육 관련 회신 공문_130103.pdf
법무실_국내 동해조선_(대우)그린트레이딩향_청우로지텍 선박운송계약 해지의 건 관련_내용증명_121213.pdf,법무실_국내 동해조선_내용증명_121213.pdf
법무실_국내 동해조선_(대우)그린트레이딩향_현안회신요청공문에 대한 회신_121129.pdf,법무실_국내 동해조선_현안회신요청공문 회신_121129.pdf
법무실_국내 동해조선_[CCCC(선주)]_대우향_lien 등_공문_121019.pdf,법무실_국내 동해조선_(DAI & ASSOCIATES)채권 통지서_Lien Notice_121019.pdf
법무실_국내 동해조선_[그린트레이딩]_대우&동해조선향_채권 등 포기 확인서_130308.pdf,법무실_국내 동해조선_채권포기확인서_130308.pdf
법무실_국내 동해조선_[그린트레이딩]_대우향_BIWTA 운송계약 해지에 따른 현안 회신 요청_공문_121121.pdf,법무실_국내 동해조선_(그린트레이딩 코리아)현안 회신 요청 공문_BIWTA 운송계약 해지에 따른 현안 회신 요청_121121.pdf
법무실_국내 동해조선_[그린트레이딩]_대우향_BIWTA 운송계약 해지에 따른 현안 회신 요청_공문_2_121128.pdf,법무실_국내 동해조선_(그린트레이딩 코리아)현안 회신 요청 공문_121128.pdf
법무실_국내 동해조선_[그린트레이딩]_대우향_운송계약 및 교육 관련_공문_121224.pdf,법무실_국내 동해조선_(그린트레이딩코리아)운송계약 및 교육 공문_121224.pdf
법무실_국내 동해조선_[그린트레이딩]_대우향_운송계약위약금 등 관련_공문_121210.pdf,법무실_국내 동해조선_운송계약위약금 관련 공문_121210.pdf
법무실_국내 동해조선_[그린트레이딩]_대우향_운송및 교육관련_공문_121227.pdf,법무실_국내 동해조선_(그린트레이딩)운송 및 교육 관련 공문_GREEN TRADING KOREA LTD_121227.pdf
법무실_국내 동해조선_[그린트레이딩]_운송클레임 및 동해조선 대여금_경위서_121126.pdf,법무실_국내 동해조선_경위서_121126.pdf
법무실_국내 동해조선_[그린트레이딩vs.청우로지텍]_최종견적&계약서_signed_110831.pdf,법무실_국내 동해조선_선박용선계약서_HEAVYCON 2007 HEAVYLIFT CHARTER PARTY_110831_최종.pdf
법무실_국내 동해조선_[대우&율촌]_그린트레이딩 관련 질의사항 등_교신내역_130220.pdf,"법무실_국내 동해조선_(율촌, 대우)교신내역_130220.pdf"
법무실_국내 동해조선_[대우&율촌]_그린트레이딩 관련 질의사항(상계 등)_교신내역_121220.pdf,"법무실_국내 동해조선_(대우, 율촌)그린트레이딩 질의사항 교신_121220.pdf"
법무실_국내 동해조선_[대우&율촌]_그린트레이딩 관련 질의사항(상계 등)_교신내역_121228.pdf,법무실_국내 동해조선_(율촌)교신내역_121228.pdf
법무실_국내 동해조선_[대우&율촌]_그린트레이딩 관련 질의사항_교신내역_130220.pdf,"법무실_국내 동해조선_(대우, 율촌)교신내역_130220.pdf"
법무실_국내 동해조선_[법무실]_율촌향_청우로지텍 본압류이전 채권압류 및 추심명령에 대한 진술최고 회신 관련 질의_140609.pdf,법무실_국내 동해조선_(율촌)진술최고 회신_140609.pdf
법무실_국내 동해조선_[법무실]_청우로지텍 본압류이전 채권압류 및 추심명령에 대한 진술최고 회신_초안관련 Email(법무실작성)_140611.pdf,법무실_국내 동해조선_진술최고 회신서_140611.pdf
법무실_국내 동해조선_[율촌]_청우로지텍 본압류이전 채권압류 및 추심명령에 대한 진술최고 회신 초안_140611.pdf,법무실_국내 동해조선_(율촌)진술최고 회신 초안_140611.pdf
법무실_국내 동해조선_[청우로지텍]_그린트레이딩향_1st narrow down notice_공문_120719.pdf,법무실_국내 동해조선_(청우로지텍)Narrow Down Notice_1st Narrow Down Notice_120719.pdf
법무실_국내 동해조선_[청우로지텍]_그린트레이딩향_PJT 유지 또는 해지에 대한 결정 요청_공문_120727.pdf,법무실_국내 동해조선_(청우로지텍)PJT 유지 해지 결정 요청 공문_120727.pdf
법무실_국내 동해조선_[청우로지텍]_그린트레이딩향_PJT 화물준비지연으로 체선발생 및 계약유지에 관한 의견제출_공문_120727.pdf,법무실_국내 동해조선_(Loglstics&Technology)의견제출 공문_120727.pdf
법무실_국내 동해조선_[청우로지텍]_그린트레이딩향_선박변경 통보 및 7 days Advance Notice_공문_120726.pdf,법무실_국내 동해조선_(청우로지텍)선박변경 통보 및 사전 통지_7daysAdvanceNotice_120726.pdf
법무실_국내 동해조선_[청우로지텍]_그린트레이딩향_용선계약 해지에 따른 위약금 지불요청_내용증명_121012.pdf,법무실_국내 동해조선_(청우로지텍)위약금청구 내용증명_121012.pdf
법무실_국내 동해조선_[대우vs.동해조선]_건조중선박_근저당권설정계약서_등기필완료_111115.pdf,법무실_국내 동해조선_근저당권설정계약서_111115.pdf
법무실_국내 동해조선_[동해조선]_건조도급증명서_110729.pdf,법무실_국내 동해조선_건조도급증명서_110729.pdf
법무실_국내 동해조선_[동해조선]_건조중선박_근저당권설정 관련_이사회회의록_110518.pdf,법무실_국내 동해조선_이사회회의록_110518.pdf
법무실_국내 동해조선_[법무실]_선박저당 등기접수 가부관련_110920.docx,법무실_국내 동해조선_선박저당권 등기 가부 검토의견_110920.docx
법무실_국내 동해조선_건조중선박_(등기부등본)_111114.pdf,법무실_국내 동해조선_선박저당권 등기부등본_111114.pdf
법무실_국내 동해조선_(대우)동해조선에_대한_손해배상_청구액_산정_FINAL_130910.docx,법무실_국내 동해조선_손해배상액산정_130910_FINAL.docx
법무실_국내 동해조선_[법무실수정]_동해조선_손해액_정리_130905.xlsx,법무실_국내 동해조선_[법무실수정] 동해조선 손해액 정리_130905_수정.xlsx
법무실_국내 동해조선_[정리자료]_동해조선향 손해액 정리(법무실)_수정.docx,법무실_국내 동해조선_손해액 산정 자료_130830_수정.docx
법무실_국내 동해조선_[정리자료]_동해조선향_손해배상액 산출근거(법무실).docx,법무실_국내 동해조선_손해배상액 산출근거_110518.docx
법무실_국내 동해조선_[플랜트1팀]_동해조선_손해액_상세정리_130829.xlsx,법무실_국내 동해조선_[플랜트1팀] 동해조선 손해액 상세정리_130829.xlsx
법무실_국내 동해조선_[플랜트1팀]_동해조선향_손해배상금액 정리_130826.docx,법무실_국내 동해조선_[플랜트1팀] 동해조선향 손해배상금액 정리_130826.docx
법무실_국내 동해조선_[정리자료]_신용정보조사_정리요약.docx,법무실_국내 동해조선_신용정보조사 요약_140519.docx
법무실_국내 동해조선_권XX 신용정보조사회보서_130911.pdf,법무실_국내 동해조선_신용정보조사보고서_CREDIT SURVEY REPORT_130911.pdf
법무실_국내 동해조선_김XX 신용정보조서회보서_130911.pdf,법무실_국내 동해조선_(Koryo Credit Information)신용정보조사보고서_KOSDAD CREDIT SURVEY REPORT_130911.pdf
법무실_국내 동해조선_배XX 신용정보조사회보서_130911.pdf,법무실_국내 동해조선_(Koryo Credit Information)신용정보조사보고서_CREDIT SURVEY REPORT_130911.pdf
법무실_국내 동해조선_주식회사 동해조선 신용정보조사회보서_130911.pdf,법무실_국내 동해조선_신용정보조사회보서_KOREA CREDIT SURVEY REPORT_130911.pdf
법무실_국내 동해조선_휴리프_신용정보조사보고서_071022.pdf,법무실_국내 동해조선_신용정보조사보고서_Credit Report_071022.pdf
법무실_국내 동해조선_(대우)자본재공제조합향_동해조선_하자보증청구_접수증_130827.pdf,법무실_국내 동해조선_(대우인터내셔널)하자보증청구 접수증_130827.pdf
법무실_국내 동해조선_(대우)자본재공제조합향_주 계약 이행완료여부 등에 대한 회신_130910.docx,법무실_국내 동해조선_(자본재공제조합)계약 이행 완료 여부 회신_130910.docx
법무실_국내 동해조선_(대우)자본재공제조합향_하자보증금 관련_질의_131004.doc,법무실_국내 동해조선_하자보증금 관련 질의_131004.doc
법무실_국내 동해조선_[자본재공제조합]_(주)대우인터내셔널 보증금 지급안내_150116.pdf,법무실_국내 동해조선_(자본재공제조합)하자보증금 지급안내_150116.pdf
법무실_국내 동해조선_[자본재공제조합]_대우향_하자보증금_지급안내서_131024.pdf,법무실_국내 동해조선_(자본재공제조합)하자보증금 지급안내서_131024.pdf
법무실_국내 동해조선_[자본재공제조합]_하자보증서 및 보증약관_130311.pdf,법무실_국내 동해조선_(자본재공제조합)하자보증서 및 보증약관_130311.pdf
법무실_국내 동해조선_(대우)[정리자료]_하자관련_지급금액정리_131025.xlsx,법무실_국내 동해조선_(대우)[정리자료] 하자관련 지급금액정리_131025.xlsx
법무실_국내 동해조선_[정리자료]_BIWTA_Cashflow_관리표_111025.xlsx,법무실_국내 동해조선_[정리자료] BIWTA Cashflow 관리표_111025.xlsx
법무실_국내 동해조선_[정리자료]_BIWTA_대금정리_130829.xlsx,법무실_국내 동해조선_[정리자료] BIWTA 대금정리_130829.xlsx
법무실_국내 동해조선_[정리자료]_BIWTA_일자별_진행사항_130117.xlsx,법무실_국내 동해조선_[정리자료] BIWTA 일자별 진행사항_130117.xlsx
법무실_국내 동해조선_[정리자료]_BIWTA_프로젝트_추가비용(청구용)_130819.xlsx,법무실_국내 동해조선_[정리자료] BIWTA 프로젝트 추가비용(청구용)_130819.xlsx
법무실_국내 동해조선_[정리자료]_[법무실]_그린트레이딩 관련 사실 관계 정리.docx,법무실_국내 동해조선_그린트레이딩 사실관계 정리_130307.docx
법무실_국내 동해조선_[정리자료]_[법무실]_동해조선 action plan정리_130916.docx,법무실_국내 동해조선_(법무법인 율촌)동해조선 액션플랜 정리_130916.docx
법무실_국내 동해조선_[정리자료]_[법무실]_요약_동해조선 건 액션플랜_130923.docx,법무실_국내 동해조선_동해조선 건 액션플랜_130923.docx
법무실_국내 동해조선_[정리자료]_기존당사주장손해 VS. 소장포함손해.docx,법무실_국내 동해조선_(율촌)손해액 비교 분석.docx
"법무실_국내 동해조선_[정리자료]_동해조선 분쟁 관련 진행사항(손배소송,권O름 가처분,보조참가,형사).docx",법무실_국내 동해조선_(법무법인 율촌)동해조선 분쟁 진행사항 요약_140117.docx
법무실_국내 동해조선_[정리자료]_동해조선분쟁_사건개요.docx,법무실_국내 동해조선_동해조선 분쟁 사건개요_130109.docx
법무실_국내 동해조선_[정리자료]_운송및납기교신_대우vs.청우vs.그린.xlsx,법무실_국내 동해조선_[정리자료] 운송및납기교신 대우vs.청우vs.그린.xlsx
법무실_국내 동해조선_[정리자료]_운송비증가.docx,법무실_국내 동해조선_운송비 증가 정리자료_130225.docx
법무실_국내 동해조선_[정리자료]_채권양수인 표정리_130910.docx,법무실_국내 동해조선_채권양수인 표_130910.docx
법무실_국내 동해조선_[정리자료]_채권양수인_지급_현황표.docx,법무실_국내 동해조선_채권양수인지급현황표_130227.docx
법무실_국내 동해조선_[정리자료]_한국수출입 수수료 정리.xlsx,법무실_국내 동해조선_[정리자료] 한국수출입 수수료 정리.xlsx
법무실_국내 동해조선_[참고자료]_동해조선_상계판례_92다55794.hwp,법무실_국내 동해조선_(대법원)상계 판례_930928.hwp
법무실_국내 동해조선_[참고자료]_법인 폐업 시.docx,법무실_국내 동해조선_법인 폐업 시 채권 추심 방안.docx
법무실_국내 동해조선_(대우)보증서_Letter_to_대림통신_120907.pdf,법무실_국내 동해조선_(대우인터내셔널)보증서_Letter_120907.pdf
법무실_국내 동해조선_(대우)보증서_Letter_to_대정와이어_120907.pdf,법무실_국내 동해조선_(대우인터내셔널)보증서_Letter to_120907.pdf
법무실_국내 동해조선_(대우)보증서_Letter_to_해안기계산업_120907.pdf,법무실_국내 동해조선_(대우인터내셔널)보증서_Letter_120907.pdf
법무실_국내 동해조선_(대우)보증서_Letter_to_해양엔지니어링_120907.pdf,법무실_국내 동해조선_(대우인터내셔널)보증서_Letter_120907.pdf
법무실_국내 동해조선_[대우vs.그린vs.동해조선]_채권양도계약 및 통지_130308.pdf,법무실_국내 동해조선_채권양도계약 및 통지_130308.pdf
법무실_국내 동해조선_[정리자료]_채권양수인 표정리_130910.docx,법무실_국내 동해조선_채권양수인 표_130910.docx
법무실_국내 동해조선_[참고자료]_채권양도와 구상채권(판례_99다18039).hwp,법무실_국내 동해조선_(대법원)채권양도와 구상채권 판례_채권양도와 구상채권(판례_99다18039)_990820.hwp
법무실_국내 동해조선_[채권양도]_그린트레이딩_121102.pdf,법무실_국내 동해조선_채권양도 통지서_121102.pdf
법무실_국내 동해조선_[채권양도]_대림통신_121207.pdf,법무실_국내 동해조선_채권양도 통지서_121207.pdf
법무실_국내 동해조선_[채권양도]_대정와이어로프_121206.pdf,법무실_국내 동해조선_채권양도통지서_121206.pdf
법무실_국내 동해조선_[채권양도]_승일철강_121106.pdf,법무실_국내 동해조선_채권양도통지서_121106.pdf
법무실_국내 동해조선_[채권양도]_한국해사기술_130227.pdf,법무실_국내 동해조선_(한국해사기술)채권양도통지서_130227.pdf
법무실_국내 동해조선_[채권양도]_한라IMS_121106.pdf,법무실_국내 동해조선_채권양도통지서_121106.pdf
법무실_국내 동해조선_[채권양도통지 및 채권양도계약서]_그린트레이딩_121101.pdf,법무실_국내 동해조선_채권양도통지 및 계약서_채권양도통지 및 채권양도계약서_121101.pdf
법무실_국내 동해조선_동해조선 채권양도 내용증명 도착일_130819.xlsx,법무실_국내 동해조선_동해조선 채권양도 내용증명 도착일_130819.xlsx
법무실_국내 동해조선_[품의서]_동해조선향_민사&형사 소송_131001.pdf,"법무실_국내 동해조선_(법무실, 법무법인 율촌)동해조선 민형사 소송 품의서_131001.pdf"
법무실_국내 동해조선_[품의서]_보수공사 및 추가검사합의서 관련_121204.pdf,법무실_국내 동해조선_보수공사 및 추가검사 합의서 품의_121204.pdf
법무실_국내 동해조선_BIWTA프로젝트현안보고서_130218.docx,법무실_국내 동해조선_BIWTA프로젝트현안보고서_130218.docx
법무실_국내 동해조선_내부보고서_130313.doc,법무실_국내 동해조선_내부보고서_130313.doc
법무실_국내 동해조선_내부보고서_130923.pptx,법무실_국내 동해조선_내부보고서_130923.pptx
법무실_국내 동해조선_내부보고서_130926.pptx,법무실_국내 동해조선_내부보고서_130926.pptx
법무실_국내 동해조선_동해조선_사실관계 정리 피피티.pptx,법무실_국내 동해조선_동해조선_사실관계 정리 피피티.pptx
법무실_국내 동해조선_보고자료_130925.pptx,법무실_국내 동해조선_보고자료_130925.pptx
법무실_국내 동해조선_손배청구방안보고서_130516.docx,법무실_국내 동해조선_손배청구방안보고서_130516.docx
법무실_국내 동해조선_운송계약해지관련제보건조사결과보고서_130228.doc,법무실_국내 동해조선_운송계약해지관련제보건조사결과보고서_130228.doc
법무실_국내 동해조선_플랜트1팀클레임보고서_130607.pdf,법무실_국내 동해조선_플랜트1팀클레임보고서_130607.pdf
법무실_국내 레이크힐스(파산)_(고등법원&대법원)판결문 첨부_220830.pdf,법무실_국내 레이크힐스(파산)_(고등법원&대법원)판결문 첨부_220830.pdf
법무실_국내 레이크힐스(파산)_(법무법인대륙아주)검토의견서_211109.doc,법무실_국내 레이크힐스(파산)_(법무법인대륙아주)검토의견서_211109.doc
법무실_국내 레이크힐스(파산)_(법무법인대륙아주)검토의견서_211130.pdf,법무실_국내 레이크힐스(파산)_(법무법인대륙아주)검토의견서_211130.pdf
법무실_국내 레이크힐스(파산)_2-3.레이크힐스CC 납부영수증.pdf,법무실_국내 레이크힐스(파산)_납부영수증_180327.pdf
법무실_국내 레이크힐스(파산)_기업분석보고서_(주)부곡스파랜드_202203291206_(국문).pdf,법무실_국내 레이크힐스(파산)_(NICE평가정보㈜)기업분석보고서_220329.pdf
법무실_국내 레이크힐스(파산)_부곡스파랜드 심O보 대표 내용증명 발송 문서-압축됨.pdf,법무실_국내 레이크힐스(파산)_내용증명_220104.pdf
법무실_국내 레이크힐스(파산)_첨부1-1 레이크힐스 비즈니스 골프리조트 계약서(No.865256).pdf,법무실_국내 레이크힐스(파산)_골프리조트 계약서_BUSINESS GOLF RESORT CONTRACT DOCUMENT_091003.pdf
법무실_국내 레이크힐스(파산)_첨부1-2 레이크힐스 비즈니스 골프리조트 계약서(No.865257).pdf,법무실_국내 레이크힐스(파산)_(레이크힐스 리조트 그룹)골프리조트 계약서_BUSINESS GOLF RESORT CONTRACT DOCUMENT_091007.pdf
법무실_국내 레이크힐스(파산)_첨부2-1_레이크힐스 이용약관 1.pdf,법무실_국내 레이크힐스(파산)_이용약관_LAKE HILLS RESORTS GROUP.pdf
법무실_국내 레이크힐스(파산)_첨부2-1_회원증(B24-7502-50).pdf,법무실_국내 레이크힐스(파산)_회원증_180126.pdf
법무실_국내 레이크힐스(파산)_첨부2-2_레이크힐스 이용약관 2.pdf,법무실_국내 레이크힐스(파산)_이용약관.pdf
법무실_국내 레이크힐스(파산)_첨부202_회원증(B24-7503-50).pdf,법무실_국내 레이크힐스(파산)_회원증_180126.pdf
법무실_국내 레이크힐스(파산)_첨부3_레이크힐스리조트_시부인표_100p.pdf,법무실_국내 레이크힐스(파산)_시부인표_200917.pdf
법무실_국내 레이크힐스(파산)_취득세납부 영수증_창녕군1.pdf,법무실_국내 레이크힐스(파산)_(창녕군청)취득세납부 영수증_180323.pdf
법무실_국내 레이크힐스(파산)_취득세납부 영수증_창녕군2.jpg,법무실_국내 레이크힐스(파산)_(창녕군)취득세납부 영수증_180220.jpg
법무실_국내 레이크힐스(파산)_행정지원그룹_부곡스파랜드향 공문_211215.docx,법무실_국내 레이크힐스(파산)_(포스코인터내셔널)입회금 반환 촉구 공문_211215.docx
법무실_국내 레이크힐스(파산)_행정지원그룹_심O보 대표이사향 공문_220103.docx,법무실_국내 레이크힐스(파산)_행정지원그룹 심O보 대표이사향 공문_220103.docx
법무실_국내 레이크힐스(파산)_내부보고서_220510.pptx,법무실_국내 레이크힐스(파산)_내부보고서_220510.pptx
법무실_국내 레이크힐스(파산)_내부보고서_220830.pptx,법무실_국내 레이크힐스(파산)_내부보고서_220830.pptx
법무실_국내 마산백화점(퇴직금)_답변서_150204.pdf,법무실_국내 마산백화점(퇴직금)_답변서_150204.pdf
법무실_국내 마산백화점(퇴직금)_소장_150106.pdf,법무실_국내 마산백화점(퇴직금)_소장_150106.pdf
법무실_국내 마산백화점(퇴직금)_(원고)입증방법_갑호증(제1-1호증~제16호증)_150106.pdf,법무실_국내 마산백화점(퇴직금)_(원고)입증방법_갑호증(제1-1호증~제16호증)_150106.pdf
법무실_국내 마산백화점(퇴직금)_[대우vs.국제]_마산백화점 퇴직금청구소송_사건위임계약서_체결본_150212.pdf,법무실_국내 마산백화점(퇴직금)_[대우vs.국제]_마산백화점 퇴직금청구소송_사건위임계약서_체결본_150212.pdf
법무실_국내 마산백화점(퇴직금)_[대우vs.국제]_마산백화점 퇴직금청구소송_사건위임계약서_초안_150212.pdf,법무실_국내 마산백화점(퇴직금)_[대우vs.국제]_마산백화점 퇴직금청구소송_사건위임계약서_초안_150212.pdf
법무실_국내 마산백화점(퇴직금)_[법무법인 국제]_수임제안서_150202.pdf,법무실_국내 마산백화점(퇴직금)_[법무법인 국제]_수임제안서_150202.pdf
법무실_국내 마산백화점(퇴직금)_검토의견서_150108.pdf,법무실_국내 마산백화점(퇴직금)_검토의견서_150108.pdf
법무실_국내 마산백화점(퇴직금)_검토의견서_150114_본사노무사.pdf,법무실_국내 마산백화점(퇴직금)_검토의견서_150114_본사노무사.pdf
법무실_국내 마산백화점(퇴직금)_(대우)소송위임장_제출본_150204.pdf,법무실_국내 마산백화점(퇴직금)_(법무법인(유한) 국제)소송위임장_150204.pdf
법무실_국내 마산백화점(퇴직금)_(원고)등기부등본(대우&위드템)_제출본_150106.pdf,법무실_국내 마산백화점(퇴직금)_등기부등본_150106.pdf
법무실_국내 마산백화점(퇴직금)_(원고)소송위임장_제출본_150106.pdf,법무실_국내 마산백화점(퇴직금)_소송위임장_150106.pdf
법무실_국내 마산백화점(퇴직금)_[대응회의]_마산백화점 퇴직금청구소송진행사항_150128.xlsx,법무실_국내 마산백화점(퇴직금)_소송진행보고_150128.xlsx
법무실_국내 마산백화점(퇴직금)_[마산백화점]_국제향_요청자료_송부 요약사항_150302.xlsx,법무실_국내 마산백화점(퇴직금)_[마산백화점] 국제향 요청자료 송부 요약사항_150302.xlsx
법무실_국내 마산백화점(퇴직금)_담당 판사 프로필_창원지방법원_민사9단독.pdf,법무실_국내 마산백화점(퇴직금)_(창원지방법원)판사 프로필_150106.pdf
법무실_국내 마산백화점(퇴직금)_국내 마산백화점_사건보고서_150303.pptx,법무실_국내 마산백화점(퇴직금)_국내 마산백화점_사건보고서_150303.pptx
